time_open_unix,time_close_unix,contract_symbol,broker_symbol,timeframe,price_basis,open,high,low,close,tick_volume,spread_points,real_volume,time_basis,timezone_status
1776184200,1776184500,TSLA,TSLA.xnas,M5,Bid,357.04,361.1,356.87,359.72,900,5,0,MT5_PY_API_UNIX_SECONDS,UNRESOLVED_REQUIRES_MANUAL_BINDING
1776184500,1776184800,TSLA,TSLA.xnas,M5,Bid,359.64,359.8,356.71,356.78,940,6,0,MT5_PY_API_UNIX_SECONDS,UNRESOLVED_REQUIRES_MANUAL_BINDING
1776184800,1776185100,TSLA,TSLA.xnas,M5,Bid,356.78,359.6,356.76,358.45,939,7,0,MT5_PY_API_UNIX_SECONDS,UNRESOLVED_REQUIRES_MANUAL_BINDING
1776185100,1776185400,TSLA,TSLA.xnas,M5,Bid,358.37,360.86,358.33,360.73,900,6,0,MT5_PY_API_UNIX_SECONDS,UNRESOLVED_REQUIRES_MANUAL_BINDING
1776185400,1776185700,TSLA,TSLA.xnas,M5,Bid,360.74,361.02,359.5,359.82,950,5,0,MT5_PY_API_UNIX_SECONDS,UNRESOLVED_REQUIRES_MANUAL_BINDING
1776185700,1776186000,TSLA,TSLA.xnas,M5,Bid,359.78,359.85,358.49,358.91,723,6,0,MT5_PY_API_UNIX_SECONDS,UNRESOLVED_REQUIRES_MANUAL_BINDING
1776186000,1776186300,TSLA,TSLA.xnas,M5,Bid,358.91,359.55,358.21,358.31,812,6,0,MT5_PY_API_UNIX_SECONDS,UNRESOLVED_REQUIRES_MANUAL_BINDING
1776186300,1776186600,TSLA,TSLA.xnas,M5,Bid,358.27,359.7,357.84,359.54,722,5,0,MT5_PY_API_UNIX_SECONDS,UNRESOLVED_REQUIRES_MANUAL_BINDING
1776186600,1776186900,TSLA,TSLA.xnas,M5,Bid,359.55,359.92,358.98,359.39,648,5,0,MT5_PY_API_UNIX_SECONDS,UNRESOLVED_REQUIRES_MANUAL_BINDING
1776186900,1776187200,TSLA,TSLA.xnas,M5,Bid,359.4,360.09,358.87,359.51,662,6,0,MT5_PY_API_UNIX_SECONDS,UNRESOLVED_REQUIRES_MANUAL_BINDING
1776187200,1776187500,TSLA,TSLA.xnas,M5,Bid,359.53,362.61,359.51,362.49,837,5,0,MT5_PY_API_UNIX_SECONDS,UNRESOLVED_REQUIRES_MANUAL_BINDING
1776187500,1776187800,TSLA,TSLA.xnas,M5,Bid,362.54,363.11,361.63,362.91,739,5,0,MT5_PY_API_UNIX_SECONDS,UNRESOLVED_REQUIRES_MANUAL_BINDING
1776187800,1776188100,TSLA,TSLA.xnas,M5,Bid,362.98,363.02,362.24,362.5,669,6,0,MT5_PY_API_UNIX_SECONDS,UNRESOLVED_REQUIRES_MANUAL_BINDING
1776188100,1776188400,TSLA,TSLA.xnas,M5,Bid,362.53,363.32,361.65,361.98,706,6,0,MT5_PY_API_UNIX_SECONDS,UNRESOLVED_REQUIRES_MANUAL_BINDING
1776188400,1776188700,TSLA,TSLA.xnas,M5,Bid,361.96,362.28,361.48,362.14,577,6,0,MT5_PY_API_UNIX_SECONDS,UNRESOLVED_REQUIRES_MANUAL_BINDING
1776188700,1776189000,TSLA,TSLA.xnas,M5,Bid,362.11,363.23,361.88,363.13,688,6,0,MT5_PY_API_UNIX_SECONDS,UNRESOLVED_REQUIRES_MANUAL_BINDING
1776189000,1776189300,TSLA,TSLA.xnas,M5,Bid,363.19,363.58,362.58,363.48,592,6,0,MT5_PY_API_UNIX_SECONDS,UNRESOLVED_REQUIRES_MANUAL_BINDING
1776189300,1776189600,TSLA,TSLA.xnas,M5,Bid,363.44,363.98,363.07,363.27,605,5,0,MT5_PY_API_UNIX_SECONDS,UNRESOLVED_REQUIRES_MANUAL_BINDING
1776189600,1776189900,TSLA,TSLA.xnas,M5,Bid,363.25,363.25,361.78,361.78,653,6,0,MT5_PY_API_UNIX_SECONDS,UNRESOLVED_REQUIRES_MANUAL_BINDING
1776189900,1776190200,TSLA,TSLA.xnas,M5,Bid,361.82,361.92,360.93,361.01,658,6,0,MT5_PY_API_UNIX_SECONDS,UNRESOLVED_REQUIRES_MANUAL_BINDING
1776190200,1776190500,TSLA,TSLA.xnas,M5,Bid,361.01,362.02,360.87,361.46,583,6,0,MT5_PY_API_UNIX_SECONDS,UNRESOLVED_REQUIRES_MANUAL_BINDING
1776190500,1776190800,TSLA,TSLA.xnas,M5,Bid,361.44,362.32,361.32,361.88,550,5,0,MT5_PY_API_UNIX_SECONDS,UNRESOLVED_REQUIRES_MANUAL_BINDING
1776190800,1776191100,TSLA,TSLA.xnas,M5,Bid,361.59,362.43,361.59,362.18,512,6,0,MT5_PY_API_UNIX_SECONDS,UNRESOLVED_REQUIRES_MANUAL_BINDING
1776191100,1776191400,TSLA,TSLA.xnas,M5,Bid,362.14,363.05,362.13,362.8,448,5,0,MT5_PY_API_UNIX_SECONDS,UNRESOLVED_REQUIRES_MANUAL_BINDING
1776191400,1776191700,TSLA,TSLA.xnas,M5,Bid,362.8,363.85,362.78,363.72,459,5,0,MT5_PY_API_UNIX_SECONDS,UNRESOLVED_REQUIRES_MANUAL_BINDING
1776191700,1776192000,TSLA,TSLA.xnas,M5,Bid,363.72,364.75,363.51,364.46,525,5,0,MT5_PY_API_UNIX_SECONDS,UNRESOLVED_REQUIRES_MANUAL_BINDING
1776192000,1776192300,TSLA,TSLA.xnas,M5,Bid,364.46,364.52,363.46,364.44,583,5,0,MT5_PY_API_UNIX_SECONDS,UNRESOLVED_REQUIRES_MANUAL_BINDING
1776192300,1776192600,TSLA,TSLA.xnas,M5,Bid,364.43,365.97,364.39,365.87,538,5,0,MT5_PY_API_UNIX_SECONDS,UNRESOLVED_REQUIRES_MANUAL_BINDING
1776192600,1776192900,TSLA,TSLA.xnas,M5,Bid,365.88,366.04,365.33,365.49,515,5,0,MT5_PY_API_UNIX_SECONDS,UNRESOLVED_REQUIRES_MANUAL_BINDING
1776192900,1776193200,TSLA,TSLA.xnas,M5,Bid,365.47,366.07,365.47,365.54,556,5,0,MT5_PY_API_UNIX_SECONDS,UNRESOLVED_REQUIRES_MANUAL_BINDING
1776193200,1776193500,TSLA,TSLA.xnas,M5,Bid,365.49,365.96,365.27,365.81,573,6,0,MT5_PY_API_UNIX_SECONDS,UNRESOLVED_REQUIRES_MANUAL_BINDING
1776193500,1776193800,TSLA,TSLA.xnas,M5,Bid,365.82,366.08,365.47,365.88,478,6,0,MT5_PY_API_UNIX_SECONDS,UNRESOLVED_REQUIRES_MANUAL_BINDING
1776193800,1776194100,TSLA,TSLA.xnas,M5,Bid,365.91,366.23,365.58,365.79,440,5,0,MT5_PY_API_UNIX_SECONDS,UNRESOLVED_REQUIRES_MANUAL_BINDING
1776194100,1776194400,TSLA,TSLA.xnas,M5,Bid,365.82,365.98,365.42,365.73,415,5,0,MT5_PY_API_UNIX_SECONDS,UNRESOLVED_REQUIRES_MANUAL_BINDING
1776194400,1776194700,TSLA,TSLA.xnas,M5,Bid,365.73,367.13,365.71,366.97,578,5,0,MT5_PY_API_UNIX_SECONDS,UNRESOLVED_REQUIRES_MANUAL_BINDING
1776194700,1776195000,TSLA,TSLA.xnas,M5,Bid,366.99,367.45,366.85,367.21,499,5,0,MT5_PY_API_UNIX_SECONDS,UNRESOLVED_REQUIRES_MANUAL_BINDING
1776195000,1776195300,TSLA,TSLA.xnas,M5,Bid,367.21,367.59,366.39,366.59,437,5,0,MT5_PY_API_UNIX_SECONDS,UNRESOLVED_REQUIRES_MANUAL_BINDING
1776195300,1776195600,TSLA,TSLA.xnas,M5,Bid,366.57,367.16,366.27,366.97,427,5,0,MT5_PY_API_UNIX_SECONDS,UNRESOLVED_REQUIRES_MANUAL_BINDING
1776195600,1776195900,TSLA,TSLA.xnas,M5,Bid,367.01,367.12,366.27,366.33,418,5,0,MT5_PY_API_UNIX_SECONDS,UNRESOLVED_REQUIRES_MANUAL_BINDING
1776195900,1776196200,TSLA,TSLA.xnas,M5,Bid,366.31,366.61,365.47,365.71,548,5,0,MT5_PY_API_UNIX_SECONDS,UNRESOLVED_REQUIRES_MANUAL_BINDING
1776196200,1776196500,TSLA,TSLA.xnas,M5,Bid,365.68,365.97,365.0,365.44,531,6,0,MT5_PY_API_UNIX_SECONDS,UNRESOLVED_REQUIRES_MANUAL_BINDING
1776196500,1776196800,TSLA,TSLA.xnas,M5,Bid,365.48,365.58,364.87,365.08,392,5,0,MT5_PY_API_UNIX_SECONDS,UNRESOLVED_REQUIRES_MANUAL_BINDING
1776196800,1776197100,TSLA,TSLA.xnas,M5,Bid,365.04,365.5,364.98,365.08,395,5,0,MT5_PY_API_UNIX_SECONDS,UNRESOLVED_REQUIRES_MANUAL_BINDING
1776197100,1776197400,TSLA,TSLA.xnas,M5,Bid,365.02,365.16,364.39,364.45,340,5,0,MT5_PY_API_UNIX_SECONDS,UNRESOLVED_REQUIRES_MANUAL_BINDING
1776197400,1776197700,TSLA,TSLA.xnas,M5,Bid,364.45,364.89,364.31,364.8,356,5,0,MT5_PY_API_UNIX_SECONDS,UNRESOLVED_REQUIRES_MANUAL_BINDING
1776197700,1776198000,TSLA,TSLA.xnas,M5,Bid,364.82,365.4,364.69,365.33,475,5,0,MT5_PY_API_UNIX_SECONDS,UNRESOLVED_REQUIRES_MANUAL_BINDING
1776198000,1776198300,TSLA,TSLA.xnas,M5,Bid,365.37,366.08,365.37,365.72,516,6,0,MT5_PY_API_UNIX_SECONDS,UNRESOLVED_REQUIRES_MANUAL_BINDING
1776198300,1776198600,TSLA,TSLA.xnas,M5,Bid,365.73,365.77,365.13,365.16,336,5,0,MT5_PY_API_UNIX_SECONDS,UNRESOLVED_REQUIRES_MANUAL_BINDING
1776198600,1776198900,TSLA,TSLA.xnas,M5,Bid,365.16,365.56,364.91,365.34,335,6,0,MT5_PY_API_UNIX_SECONDS,UNRESOLVED_REQUIRES_MANUAL_BINDING
1776198900,1776199200,TSLA,TSLA.xnas,M5,Bid,365.33,365.38,364.77,364.87,335,5,0,MT5_PY_API_UNIX_SECONDS,UNRESOLVED_REQUIRES_MANUAL_BINDING
1776199200,1776199500,TSLA,TSLA.xnas,M5,Bid,364.9,365.77,364.84,365.38,386,5,0,MT5_PY_API_UNIX_SECONDS,UNRESOLVED_REQUIRES_MANUAL_BINDING
1776199500,1776199800,TSLA,TSLA.xnas,M5,Bid,365.41,365.53,364.8,365.03,307,6,0,MT5_PY_API_UNIX_SECONDS,UNRESOLVED_REQUIRES_MANUAL_BINDING
1776199800,1776200100,TSLA,TSLA.xnas,M5,Bid,365.05,365.23,364.68,364.88,332,6,0,MT5_PY_API_UNIX_SECONDS,UNRESOLVED_REQUIRES_MANUAL_BINDING
1776200100,1776200400,TSLA,TSLA.xnas,M5,Bid,364.89,365.25,364.52,364.67,377,5,0,MT5_PY_API_UNIX_SECONDS,UNRESOLVED_REQUIRES_MANUAL_BINDING
1776200400,1776200700,TSLA,TSLA.xnas,M5,Bid,364.65,364.78,364.11,364.11,351,5,0,MT5_PY_API_UNIX_SECONDS,UNRESOLVED_REQUIRES_MANUAL_BINDING
1776200700,1776201000,TSLA,TSLA.xnas,M5,Bid,364.11,364.28,363.74,364.1,364,5,0,MT5_PY_API_UNIX_SECONDS,UNRESOLVED_REQUIRES_MANUAL_BINDING
1776201000,1776201300,TSLA,TSLA.xnas,M5,Bid,364.13,364.15,363.75,363.81,332,5,0,MT5_PY_API_UNIX_SECONDS,UNRESOLVED_REQUIRES_MANUAL_BINDING
1776201300,1776201600,TSLA,TSLA.xnas,M5,Bid,363.79,363.89,363.22,363.38,471,6,0,MT5_PY_API_UNIX_SECONDS,UNRESOLVED_REQUIRES_MANUAL_BINDING
1776201600,1776201900,TSLA,TSLA.xnas,M5,Bid,363.36,363.52,362.52,362.7,594,5,0,MT5_PY_API_UNIX_SECONDS,UNRESOLVED_REQUIRES_MANUAL_BINDING
1776201900,1776202200,TSLA,TSLA.xnas,M5,Bid,362.71,363.76,362.49,363.59,452,5,0,MT5_PY_API_UNIX_SECONDS,UNRESOLVED_REQUIRES_MANUAL_BINDING
1776202200,1776202500,TSLA,TSLA.xnas,M5,Bid,363.57,363.83,363.37,363.51,383,5,0,MT5_PY_API_UNIX_SECONDS,UNRESOLVED_REQUIRES_MANUAL_BINDING
1776202500,1776202800,TSLA,TSLA.xnas,M5,Bid,363.56,363.96,363.45,363.82,327,5,0,MT5_PY_API_UNIX_SECONDS,UNRESOLVED_REQUIRES_MANUAL_BINDING
1776202800,1776203100,TSLA,TSLA.xnas,M5,Bid,363.82,364.23,363.58,363.67,429,5,0,MT5_PY_API_UNIX_SECONDS,UNRESOLVED_REQUIRES_MANUAL_BINDING
1776203100,1776203400,TSLA,TSLA.xnas,M5,Bid,363.64,364.01,363.51,363.71,353,5,0,MT5_PY_API_UNIX_SECONDS,UNRESOLVED_REQUIRES_MANUAL_BINDING
1776203400,1776203700,TSLA,TSLA.xnas,M5,Bid,363.69,364.02,363.23,363.9,362,5,0,MT5_PY_API_UNIX_SECONDS,UNRESOLVED_REQUIRES_MANUAL_BINDING
1776203700,1776204000,TSLA,TSLA.xnas,M5,Bid,363.79,364.19,363.79,364.13,309,5,0,MT5_PY_API_UNIX_SECONDS,UNRESOLVED_REQUIRES_MANUAL_BINDING
1776204000,1776204300,TSLA,TSLA.xnas,M5,Bid,364.14,364.99,363.9,364.91,616,6,0,MT5_PY_API_UNIX_SECONDS,UNRESOLVED_REQUIRES_MANUAL_BINDING
1776204300,1776204600,TSLA,TSLA.xnas,M5,Bid,364.94,365.3,364.84,365.04,530,6,0,MT5_PY_API_UNIX_SECONDS,UNRESOLVED_REQUIRES_MANUAL_BINDING
1776204600,1776204900,TSLA,TSLA.xnas,M5,Bid,365.03,365.67,364.82,364.94,538,5,0,MT5_PY_API_UNIX_SECONDS,UNRESOLVED_REQUIRES_MANUAL_BINDING
1776204900,1776205200,TSLA,TSLA.xnas,M5,Bid,364.96,365.35,364.85,365.26,529,5,0,MT5_PY_API_UNIX_SECONDS,UNRESOLVED_REQUIRES_MANUAL_BINDING
1776205200,1776205500,TSLA,TSLA.xnas,M5,Bid,365.23,365.64,365.18,365.51,438,5,0,MT5_PY_API_UNIX_SECONDS,UNRESOLVED_REQUIRES_MANUAL_BINDING
1776205500,1776205800,TSLA,TSLA.xnas,M5,Bid,365.51,365.64,365.37,365.54,472,5,0,MT5_PY_API_UNIX_SECONDS,UNRESOLVED_REQUIRES_MANUAL_BINDING
1776205800,1776206100,TSLA,TSLA.xnas,M5,Bid,365.56,365.56,364.52,364.67,624,5,0,MT5_PY_API_UNIX_SECONDS,UNRESOLVED_REQUIRES_MANUAL_BINDING
1776206100,1776206400,TSLA,TSLA.xnas,M5,Bid,364.63,364.81,364.32,364.65,712,5,0,MT5_PY_API_UNIX_SECONDS,UNRESOLVED_REQUIRES_MANUAL_BINDING
1776206400,1776206700,TSLA,TSLA.xnas,M5,Bid,364.64,364.79,364.2,364.43,593,5,0,MT5_PY_API_UNIX_SECONDS,UNRESOLVED_REQUIRES_MANUAL_BINDING
1776206700,1776207000,TSLA,TSLA.xnas,M5,Bid,364.42,365.14,364.42,365.0,514,5,0,MT5_PY_API_UNIX_SECONDS,UNRESOLVED_REQUIRES_MANUAL_BINDING
1776207000,1776207300,TSLA,TSLA.xnas,M5,Bid,365.05,365.12,363.39,363.63,798,5,0,MT5_PY_API_UNIX_SECONDS,UNRESOLVED_REQUIRES_MANUAL_BINDING
1776207300,1776207600,TSLA,TSLA.xnas,M5,Bid,363.67,364.29,363.51,364.17,916,5,0,MT5_PY_API_UNIX_SECONDS,UNRESOLVED_REQUIRES_MANUAL_BINDING
1776270600,1776270900,TSLA,TSLA.xnas,M5,Bid,364.47,365.89,364.05,364.75,1058,9,0,MT5_PY_API_UNIX_SECONDS,UNRESOLVED_REQUIRES_MANUAL_BINDING
1776270900,1776271200,TSLA,TSLA.xnas,M5,Bid,364.66,367.29,364.53,366.35,1055,7,0,MT5_PY_API_UNIX_SECONDS,UNRESOLVED_REQUIRES_MANUAL_BINDING
1776271200,1776271500,TSLA,TSLA.xnas,M5,Bid,366.37,367.82,366.35,366.84,914,6,0,MT5_PY_API_UNIX_SECONDS,UNRESOLVED_REQUIRES_MANUAL_BINDING
1776271500,1776271800,TSLA,TSLA.xnas,M5,Bid,367.13,369.91,366.84,369.15,1075,5,0,MT5_PY_API_UNIX_SECONDS,UNRESOLVED_REQUIRES_MANUAL_BINDING
1776271800,1776272100,TSLA,TSLA.xnas,M5,Bid,369.14,371.15,368.6,370.87,967,5,0,MT5_PY_API_UNIX_SECONDS,UNRESOLVED_REQUIRES_MANUAL_BINDING
1776272100,1776272400,TSLA,TSLA.xnas,M5,Bid,370.89,371.43,370.18,370.4,895,5,0,MT5_PY_API_UNIX_SECONDS,UNRESOLVED_REQUIRES_MANUAL_BINDING
1776272400,1776272700,TSLA,TSLA.xnas,M5,Bid,370.4,372.28,369.82,371.98,904,5,0,MT5_PY_API_UNIX_SECONDS,UNRESOLVED_REQUIRES_MANUAL_BINDING
1776272700,1776273000,TSLA,TSLA.xnas,M5,Bid,371.98,373.52,371.43,373.52,874,5,0,MT5_PY_API_UNIX_SECONDS,UNRESOLVED_REQUIRES_MANUAL_BINDING
1776273000,1776273300,TSLA,TSLA.xnas,M5,Bid,373.54,376.21,373.47,375.85,993,5,0,MT5_PY_API_UNIX_SECONDS,UNRESOLVED_REQUIRES_MANUAL_BINDING
1776273300,1776273600,TSLA,TSLA.xnas,M5,Bid,375.86,377.62,375.75,375.96,903,6,0,MT5_PY_API_UNIX_SECONDS,UNRESOLVED_REQUIRES_MANUAL_BINDING
1776273600,1776273900,TSLA,TSLA.xnas,M5,Bid,375.94,376.73,373.97,376.6,885,5,0,MT5_PY_API_UNIX_SECONDS,UNRESOLVED_REQUIRES_MANUAL_BINDING
1776273900,1776274200,TSLA,TSLA.xnas,M5,Bid,376.56,377.13,375.69,376.64,642,6,0,MT5_PY_API_UNIX_SECONDS,UNRESOLVED_REQUIRES_MANUAL_BINDING
1776274200,1776274500,TSLA,TSLA.xnas,M5,Bid,376.69,378.79,376.65,377.68,768,5,0,MT5_PY_API_UNIX_SECONDS,UNRESOLVED_REQUIRES_MANUAL_BINDING
1776274500,1776274800,TSLA,TSLA.xnas,M5,Bid,377.71,378.96,376.54,376.58,894,5,0,MT5_PY_API_UNIX_SECONDS,UNRESOLVED_REQUIRES_MANUAL_BINDING
1776274800,1776275100,TSLA,TSLA.xnas,M5,Bid,376.6,377.26,376.26,377.09,789,6,0,MT5_PY_API_UNIX_SECONDS,UNRESOLVED_REQUIRES_MANUAL_BINDING
1776275100,1776275400,TSLA,TSLA.xnas,M5,Bid,377.1,377.45,376.52,377.26,748,5,0,MT5_PY_API_UNIX_SECONDS,UNRESOLVED_REQUIRES_MANUAL_BINDING
1776275400,1776275700,TSLA,TSLA.xnas,M5,Bid,377.27,379.1,377.07,379.05,776,5,0,MT5_PY_API_UNIX_SECONDS,UNRESOLVED_REQUIRES_MANUAL_BINDING
1776275700,1776276000,TSLA,TSLA.xnas,M5,Bid,379.07,382.04,379.0,381.26,818,5,0,MT5_PY_API_UNIX_SECONDS,UNRESOLVED_REQUIRES_MANUAL_BINDING
1776276000,1776276300,TSLA,TSLA.xnas,M5,Bid,381.26,382.55,380.19,381.94,1071,6,0,MT5_PY_API_UNIX_SECONDS,UNRESOLVED_REQUIRES_MANUAL_BINDING
1776276300,1776276600,TSLA,TSLA.xnas,M5,Bid,381.95,382.44,380.72,380.88,781,5,0,MT5_PY_API_UNIX_SECONDS,UNRESOLVED_REQUIRES_MANUAL_BINDING
1776276600,1776276900,TSLA,TSLA.xnas,M5,Bid,380.88,383.96,380.81,383.8,867,5,0,MT5_PY_API_UNIX_SECONDS,UNRESOLVED_REQUIRES_MANUAL_BINDING
1776276900,1776277200,TSLA,TSLA.xnas,M5,Bid,383.82,385.07,383.64,384.93,989,5,0,MT5_PY_API_UNIX_SECONDS,UNRESOLVED_REQUIRES_MANUAL_BINDING
1776277200,1776277500,TSLA,TSLA.xnas,M5,Bid,384.95,388.06,384.3,387.86,856,5,0,MT5_PY_API_UNIX_SECONDS,UNRESOLVED_REQUIRES_MANUAL_BINDING
1776277500,1776277800,TSLA,TSLA.xnas,M5,Bid,388.0,389.49,387.32,388.39,1135,5,0,MT5_PY_API_UNIX_SECONDS,UNRESOLVED_REQUIRES_MANUAL_BINDING
1776277800,1776278100,TSLA,TSLA.xnas,M5,Bid,388.52,389.87,387.56,389.39,1136,5,0,MT5_PY_API_UNIX_SECONDS,UNRESOLVED_REQUIRES_MANUAL_BINDING
1776278100,1776278400,TSLA,TSLA.xnas,M5,Bid,389.44,391.44,389.12,390.92,917,5,0,MT5_PY_API_UNIX_SECONDS,UNRESOLVED_REQUIRES_MANUAL_BINDING
1776278400,1776278700,TSLA,TSLA.xnas,M5,Bid,390.97,394.08,390.93,392.32,1105,5,0,MT5_PY_API_UNIX_SECONDS,UNRESOLVED_REQUIRES_MANUAL_BINDING
1776278700,1776279000,TSLA,TSLA.xnas,M5,Bid,392.4,393.34,391.26,393.19,1116,5,0,MT5_PY_API_UNIX_SECONDS,UNRESOLVED_REQUIRES_MANUAL_BINDING
1776279000,1776279300,TSLA,TSLA.xnas,M5,Bid,393.21,393.55,390.47,390.76,1088,5,0,MT5_PY_API_UNIX_SECONDS,UNRESOLVED_REQUIRES_MANUAL_BINDING
1776279300,1776279600,TSLA,TSLA.xnas,M5,Bid,390.72,392.04,389.82,391.82,899,6,0,MT5_PY_API_UNIX_SECONDS,UNRESOLVED_REQUIRES_MANUAL_BINDING
1776279600,1776279900,TSLA,TSLA.xnas,M5,Bid,391.84,392.22,390.53,390.87,892,5,0,MT5_PY_API_UNIX_SECONDS,UNRESOLVED_REQUIRES_MANUAL_BINDING
1776279900,1776280200,TSLA,TSLA.xnas,M5,Bid,390.74,391.52,390.27,390.53,818,6,0,MT5_PY_API_UNIX_SECONDS,UNRESOLVED_REQUIRES_MANUAL_BINDING
1776280200,1776280500,TSLA,TSLA.xnas,M5,Bid,390.48,391.32,390.19,390.78,823,6,0,MT5_PY_API_UNIX_SECONDS,UNRESOLVED_REQUIRES_MANUAL_BINDING
1776280500,1776280800,TSLA,TSLA.xnas,M5,Bid,390.74,391.99,390.56,391.52,805,5,0,MT5_PY_API_UNIX_SECONDS,UNRESOLVED_REQUIRES_MANUAL_BINDING
1776280800,1776281100,TSLA,TSLA.xnas,M5,Bid,391.49,394.41,391.4,393.77,790,6,0,MT5_PY_API_UNIX_SECONDS,UNRESOLVED_REQUIRES_MANUAL_BINDING
1776281100,1776281400,TSLA,TSLA.xnas,M5,Bid,393.67,394.36,392.69,392.86,866,5,0,MT5_PY_API_UNIX_SECONDS,UNRESOLVED_REQUIRES_MANUAL_BINDING
1776281400,1776281700,TSLA,TSLA.xnas,M5,Bid,392.88,393.08,391.09,391.43,950,5,0,MT5_PY_API_UNIX_SECONDS,UNRESOLVED_REQUIRES_MANUAL_BINDING
1776281700,1776282000,TSLA,TSLA.xnas,M5,Bid,391.43,392.03,391.12,391.78,768,6,0,MT5_PY_API_UNIX_SECONDS,UNRESOLVED_REQUIRES_MANUAL_BINDING
1776282000,1776282300,TSLA,TSLA.xnas,M5,Bid,391.79,391.89,388.14,388.43,1176,5,0,MT5_PY_API_UNIX_SECONDS,UNRESOLVED_REQUIRES_MANUAL_BINDING
1776282300,1776282600,TSLA,TSLA.xnas,M5,Bid,388.45,389.07,387.57,388.98,1021,6,0,MT5_PY_API_UNIX_SECONDS,UNRESOLVED_REQUIRES_MANUAL_BINDING
1776282600,1776282900,TSLA,TSLA.xnas,M5,Bid,389.0,389.79,387.12,387.42,917,6,0,MT5_PY_API_UNIX_SECONDS,UNRESOLVED_REQUIRES_MANUAL_BINDING
1776282900,1776283200,TSLA,TSLA.xnas,M5,Bid,387.41,388.39,386.67,387.54,1028,5,0,MT5_PY_API_UNIX_SECONDS,UNRESOLVED_REQUIRES_MANUAL_BINDING
1776283200,1776283500,TSLA,TSLA.xnas,M5,Bid,387.57,387.61,386.05,387.23,1024,6,0,MT5_PY_API_UNIX_SECONDS,UNRESOLVED_REQUIRES_MANUAL_BINDING
1776283500,1776283800,TSLA,TSLA.xnas,M5,Bid,387.25,388.49,386.96,387.41,907,6,0,MT5_PY_API_UNIX_SECONDS,UNRESOLVED_REQUIRES_MANUAL_BINDING
1776283800,1776284100,TSLA,TSLA.xnas,M5,Bid,387.39,388.11,386.8,387.27,626,6,0,MT5_PY_API_UNIX_SECONDS,UNRESOLVED_REQUIRES_MANUAL_BINDING
1776284100,1776284400,TSLA,TSLA.xnas,M5,Bid,387.29,388.51,386.93,388.51,649,5,0,MT5_PY_API_UNIX_SECONDS,UNRESOLVED_REQUIRES_MANUAL_BINDING
1776284400,1776284700,TSLA,TSLA.xnas,M5,Bid,388.44,388.48,386.78,387.35,691,5,0,MT5_PY_API_UNIX_SECONDS,UNRESOLVED_REQUIRES_MANUAL_BINDING
1776284700,1776285000,TSLA,TSLA.xnas,M5,Bid,387.36,387.61,386.93,387.29,617,5,0,MT5_PY_API_UNIX_SECONDS,UNRESOLVED_REQUIRES_MANUAL_BINDING
1776285000,1776285300,TSLA,TSLA.xnas,M5,Bid,387.29,388.08,386.7,387.17,746,5,0,MT5_PY_API_UNIX_SECONDS,UNRESOLVED_REQUIRES_MANUAL_BINDING
1776285300,1776285600,TSLA,TSLA.xnas,M5,Bid,387.16,387.59,386.8,387.26,704,6,0,MT5_PY_API_UNIX_SECONDS,UNRESOLVED_REQUIRES_MANUAL_BINDING
1776285600,1776285900,TSLA,TSLA.xnas,M5,Bid,387.23,387.66,386.72,387.33,682,6,0,MT5_PY_API_UNIX_SECONDS,UNRESOLVED_REQUIRES_MANUAL_BINDING
1776285900,1776286200,TSLA,TSLA.xnas,M5,Bid,387.32,388.49,387.31,387.7,634,6,0,MT5_PY_API_UNIX_SECONDS,UNRESOLVED_REQUIRES_MANUAL_BINDING
1776286200,1776286500,TSLA,TSLA.xnas,M5,Bid,387.72,389.74,387.63,389.58,683,5,0,MT5_PY_API_UNIX_SECONDS,UNRESOLVED_REQUIRES_MANUAL_BINDING
1776286500,1776286800,TSLA,TSLA.xnas,M5,Bid,389.56,389.66,387.87,388.1,673,6,0,MT5_PY_API_UNIX_SECONDS,UNRESOLVED_REQUIRES_MANUAL_BINDING
1776286800,1776287100,TSLA,TSLA.xnas,M5,Bid,388.03,388.48,387.17,388.19,1019,5,0,MT5_PY_API_UNIX_SECONDS,UNRESOLVED_REQUIRES_MANUAL_BINDING
1776287100,1776287400,TSLA,TSLA.xnas,M5,Bid,388.17,389.36,388.08,389.12,681,6,0,MT5_PY_API_UNIX_SECONDS,UNRESOLVED_REQUIRES_MANUAL_BINDING
1776287400,1776287700,TSLA,TSLA.xnas,M5,Bid,389.1,390.58,389.05,390.37,705,5,0,MT5_PY_API_UNIX_SECONDS,UNRESOLVED_REQUIRES_MANUAL_BINDING
1776287700,1776288000,TSLA,TSLA.xnas,M5,Bid,390.38,390.71,389.36,389.39,639,6,0,MT5_PY_API_UNIX_SECONDS,UNRESOLVED_REQUIRES_MANUAL_BINDING
1776288000,1776288300,TSLA,TSLA.xnas,M5,Bid,389.39,389.76,388.89,389.54,665,5,0,MT5_PY_API_UNIX_SECONDS,UNRESOLVED_REQUIRES_MANUAL_BINDING
1776288300,1776288600,TSLA,TSLA.xnas,M5,Bid,389.55,390.15,389.36,390.03,684,5,0,MT5_PY_API_UNIX_SECONDS,UNRESOLVED_REQUIRES_MANUAL_BINDING
1776288600,1776288900,TSLA,TSLA.xnas,M5,Bid,390.0,390.32,389.62,390.17,599,6,0,MT5_PY_API_UNIX_SECONDS,UNRESOLVED_REQUIRES_MANUAL_BINDING
1776288900,1776289200,TSLA,TSLA.xnas,M5,Bid,390.16,390.29,388.97,389.69,731,6,0,MT5_PY_API_UNIX_SECONDS,UNRESOLVED_REQUIRES_MANUAL_BINDING
1776289200,1776289500,TSLA,TSLA.xnas,M5,Bid,389.63,391.29,389.54,391.18,596,5,0,MT5_PY_API_UNIX_SECONDS,UNRESOLVED_REQUIRES_MANUAL_BINDING
1776289500,1776289800,TSLA,TSLA.xnas,M5,Bid,391.19,391.25,390.47,390.8,587,5,0,MT5_PY_API_UNIX_SECONDS,UNRESOLVED_REQUIRES_MANUAL_BINDING
1776289800,1776290100,TSLA,TSLA.xnas,M5,Bid,390.78,391.13,390.39,390.4,654,6,0,MT5_PY_API_UNIX_SECONDS,UNRESOLVED_REQUIRES_MANUAL_BINDING
1776290100,1776290400,TSLA,TSLA.xnas,M5,Bid,390.41,390.71,389.97,390.11,844,5,0,MT5_PY_API_UNIX_SECONDS,UNRESOLVED_REQUIRES_MANUAL_BINDING
1776290400,1776290700,TSLA,TSLA.xnas,M5,Bid,390.13,391.79,389.78,391.77,988,5,0,MT5_PY_API_UNIX_SECONDS,UNRESOLVED_REQUIRES_MANUAL_BINDING
1776290700,1776291000,TSLA,TSLA.xnas,M5,Bid,391.77,392.14,391.55,391.99,762,5,0,MT5_PY_API_UNIX_SECONDS,UNRESOLVED_REQUIRES_MANUAL_BINDING
1776291000,1776291300,TSLA,TSLA.xnas,M5,Bid,392.0,392.13,390.81,390.94,670,5,0,MT5_PY_API_UNIX_SECONDS,UNRESOLVED_REQUIRES_MANUAL_BINDING
1776291300,1776291600,TSLA,TSLA.xnas,M5,Bid,390.97,391.83,389.98,391.83,845,5,0,MT5_PY_API_UNIX_SECONDS,UNRESOLVED_REQUIRES_MANUAL_BINDING
1776291600,1776291900,TSLA,TSLA.xnas,M5,Bid,391.76,392.26,391.29,392.0,728,5,0,MT5_PY_API_UNIX_SECONDS,UNRESOLVED_REQUIRES_MANUAL_BINDING
1776291900,1776292200,TSLA,TSLA.xnas,M5,Bid,391.98,392.55,391.83,392.43,777,5,0,MT5_PY_API_UNIX_SECONDS,UNRESOLVED_REQUIRES_MANUAL_BINDING
1776292200,1776292500,TSLA,TSLA.xnas,M5,Bid,392.44,392.87,391.66,392.83,805,5,0,MT5_PY_API_UNIX_SECONDS,UNRESOLVED_REQUIRES_MANUAL_BINDING
1776292500,1776292800,TSLA,TSLA.xnas,M5,Bid,392.84,393.85,392.63,393.26,738,5,0,MT5_PY_API_UNIX_SECONDS,UNRESOLVED_REQUIRES_MANUAL_BINDING
1776292800,1776293100,TSLA,TSLA.xnas,M5,Bid,393.25,394.32,392.77,394.27,924,5,0,MT5_PY_API_UNIX_SECONDS,UNRESOLVED_REQUIRES_MANUAL_BINDING
1776293100,1776293400,TSLA,TSLA.xnas,M5,Bid,394.28,394.58,393.71,394.18,1033,5,0,MT5_PY_API_UNIX_SECONDS,UNRESOLVED_REQUIRES_MANUAL_BINDING
1776293400,1776293700,TSLA,TSLA.xnas,M5,Bid,394.21,394.21,391.98,392.08,1120,5,0,MT5_PY_API_UNIX_SECONDS,UNRESOLVED_REQUIRES_MANUAL_BINDING
1776293700,1776294000,TSLA,TSLA.xnas,M5,Bid,392.06,392.71,391.42,391.82,1101,5,0,MT5_PY_API_UNIX_SECONDS,UNRESOLVED_REQUIRES_MANUAL_BINDING
1776357000,1776357300,TSLA,TSLA.xnas,M5,Bid,390.3,392.32,388.71,389.28,1033,5,0,MT5_PY_API_UNIX_SECONDS,UNRESOLVED_REQUIRES_MANUAL_BINDING
1776357300,1776357600,TSLA,TSLA.xnas,M5,Bid,389.3,389.85,385.28,386.03,1089,6,0,MT5_PY_API_UNIX_SECONDS,UNRESOLVED_REQUIRES_MANUAL_BINDING
1776357600,1776357900,TSLA,TSLA.xnas,M5,Bid,385.98,388.15,384.19,387.49,1282,5,0,MT5_PY_API_UNIX_SECONDS,UNRESOLVED_REQUIRES_MANUAL_BINDING
1776357900,1776358200,TSLA,TSLA.xnas,M5,Bid,387.47,387.66,384.69,385.39,1005,6,0,MT5_PY_API_UNIX_SECONDS,UNRESOLVED_REQUIRES_MANUAL_BINDING
1776358200,1776358500,TSLA,TSLA.xnas,M5,Bid,385.49,385.49,382.35,382.99,1114,5,0,MT5_PY_API_UNIX_SECONDS,UNRESOLVED_REQUIRES_MANUAL_BINDING
1776358500,1776358800,TSLA,TSLA.xnas,M5,Bid,383.0,384.01,381.77,382.86,1046,6,0,MT5_PY_API_UNIX_SECONDS,UNRESOLVED_REQUIRES_MANUAL_BINDING
1776358800,1776359100,TSLA,TSLA.xnas,M5,Bid,382.89,384.79,382.32,384.75,1085,6,0,MT5_PY_API_UNIX_SECONDS,UNRESOLVED_REQUIRES_MANUAL_BINDING
1776359100,1776359400,TSLA,TSLA.xnas,M5,Bid,384.78,385.58,384.35,385.19,970,6,0,MT5_PY_API_UNIX_SECONDS,UNRESOLVED_REQUIRES_MANUAL_BINDING
1776359400,1776359700,TSLA,TSLA.xnas,M5,Bid,385.23,387.37,385.02,385.73,899,5,0,MT5_PY_API_UNIX_SECONDS,UNRESOLVED_REQUIRES_MANUAL_BINDING
1776359700,1776360000,TSLA,TSLA.xnas,M5,Bid,385.77,386.84,383.86,384.86,1007,6,0,MT5_PY_API_UNIX_SECONDS,UNRESOLVED_REQUIRES_MANUAL_BINDING
1776360000,1776360300,TSLA,TSLA.xnas,M5,Bid,384.95,385.74,384.38,385.21,767,6,0,MT5_PY_API_UNIX_SECONDS,UNRESOLVED_REQUIRES_MANUAL_BINDING
1776360300,1776360600,TSLA,TSLA.xnas,M5,Bid,385.22,386.37,384.92,385.69,850,5,0,MT5_PY_API_UNIX_SECONDS,UNRESOLVED_REQUIRES_MANUAL_BINDING
1776360600,1776360900,TSLA,TSLA.xnas,M5,Bid,385.7,386.75,385.4,385.75,760,5,0,MT5_PY_API_UNIX_SECONDS,UNRESOLVED_REQUIRES_MANUAL_BINDING
1776360900,1776361200,TSLA,TSLA.xnas,M5,Bid,385.75,386.53,385.35,386.2,650,6,0,MT5_PY_API_UNIX_SECONDS,UNRESOLVED_REQUIRES_MANUAL_BINDING
1776361200,1776361500,TSLA,TSLA.xnas,M5,Bid,386.17,386.55,384.68,385.42,786,6,0,MT5_PY_API_UNIX_SECONDS,UNRESOLVED_REQUIRES_MANUAL_BINDING
1776361500,1776361800,TSLA,TSLA.xnas,M5,Bid,385.42,385.81,384.74,385.69,771,8,0,MT5_PY_API_UNIX_SECONDS,UNRESOLVED_REQUIRES_MANUAL_BINDING
1776361800,1776362100,TSLA,TSLA.xnas,M5,Bid,385.68,385.68,384.09,385.12,723,5,0,MT5_PY_API_UNIX_SECONDS,UNRESOLVED_REQUIRES_MANUAL_BINDING
1776362100,1776362400,TSLA,TSLA.xnas,M5,Bid,385.14,385.14,383.87,384.61,680,7,0,MT5_PY_API_UNIX_SECONDS,UNRESOLVED_REQUIRES_MANUAL_BINDING
1776362400,1776362700,TSLA,TSLA.xnas,M5,Bid,384.53,386.73,384.5,386.6,735,5,0,MT5_PY_API_UNIX_SECONDS,UNRESOLVED_REQUIRES_MANUAL_BINDING
1776362700,1776363000,TSLA,TSLA.xnas,M5,Bid,386.59,387.76,386.2,387.64,767,6,0,MT5_PY_API_UNIX_SECONDS,UNRESOLVED_REQUIRES_MANUAL_BINDING
1776363000,1776363300,TSLA,TSLA.xnas,M5,Bid,387.61,388.59,386.52,387.26,700,5,0,MT5_PY_API_UNIX_SECONDS,UNRESOLVED_REQUIRES_MANUAL_BINDING
1776363300,1776363600,TSLA,TSLA.xnas,M5,Bid,387.35,388.04,386.99,387.29,653,6,0,MT5_PY_API_UNIX_SECONDS,UNRESOLVED_REQUIRES_MANUAL_BINDING
1776363600,1776363900,TSLA,TSLA.xnas,M5,Bid,387.29,388.3,387.28,388.28,607,7,0,MT5_PY_API_UNIX_SECONDS,UNRESOLVED_REQUIRES_MANUAL_BINDING
1776363900,1776364200,TSLA,TSLA.xnas,M5,Bid,388.26,389.37,387.79,387.86,683,6,0,MT5_PY_API_UNIX_SECONDS,UNRESOLVED_REQUIRES_MANUAL_BINDING
1776364200,1776364500,TSLA,TSLA.xnas,M5,Bid,387.76,388.89,387.21,388.58,756,6,0,MT5_PY_API_UNIX_SECONDS,UNRESOLVED_REQUIRES_MANUAL_BINDING
1776364500,1776364800,TSLA,TSLA.xnas,M5,Bid,388.58,390.49,388.58,389.53,772,6,0,MT5_PY_API_UNIX_SECONDS,UNRESOLVED_REQUIRES_MANUAL_BINDING
1776364800,1776365100,TSLA,TSLA.xnas,M5,Bid,389.53,389.59,388.49,389.34,779,5,0,MT5_PY_API_UNIX_SECONDS,UNRESOLVED_REQUIRES_MANUAL_BINDING
1776365100,1776365400,TSLA,TSLA.xnas,M5,Bid,389.34,389.43,388.28,388.49,663,6,0,MT5_PY_API_UNIX_SECONDS,UNRESOLVED_REQUIRES_MANUAL_BINDING
1776365400,1776365700,TSLA,TSLA.xnas,M5,Bid,388.47,389.21,388.47,389.04,495,6,0,MT5_PY_API_UNIX_SECONDS,UNRESOLVED_REQUIRES_MANUAL_BINDING
1776365700,1776366000,TSLA,TSLA.xnas,M5,Bid,389.02,390.02,388.92,389.73,520,6,0,MT5_PY_API_UNIX_SECONDS,UNRESOLVED_REQUIRES_MANUAL_BINDING
1776366000,1776366300,TSLA,TSLA.xnas,M5,Bid,389.72,390.22,389.47,389.91,586,5,0,MT5_PY_API_UNIX_SECONDS,UNRESOLVED_REQUIRES_MANUAL_BINDING
1776366300,1776366600,TSLA,TSLA.xnas,M5,Bid,389.92,390.08,389.49,389.79,439,6,0,MT5_PY_API_UNIX_SECONDS,UNRESOLVED_REQUIRES_MANUAL_BINDING
1776366600,1776366900,TSLA,TSLA.xnas,M5,Bid,389.81,389.86,388.9,389.23,446,5,0,MT5_PY_API_UNIX_SECONDS,UNRESOLVED_REQUIRES_MANUAL_BINDING
1776366900,1776367200,TSLA,TSLA.xnas,M5,Bid,389.22,390.61,389.22,390.43,464,6,0,MT5_PY_API_UNIX_SECONDS,UNRESOLVED_REQUIRES_MANUAL_BINDING
1776367200,1776367500,TSLA,TSLA.xnas,M5,Bid,390.46,390.46,389.64,390.07,459,7,0,MT5_PY_API_UNIX_SECONDS,UNRESOLVED_REQUIRES_MANUAL_BINDING
1776367500,1776367800,TSLA,TSLA.xnas,M5,Bid,390.1,390.43,389.49,389.68,381,5,0,MT5_PY_API_UNIX_SECONDS,UNRESOLVED_REQUIRES_MANUAL_BINDING
1776367800,1776368100,TSLA,TSLA.xnas,M5,Bid,389.75,389.83,386.67,387.58,883,5,0,MT5_PY_API_UNIX_SECONDS,UNRESOLVED_REQUIRES_MANUAL_BINDING
1776368100,1776368400,TSLA,TSLA.xnas,M5,Bid,387.58,388.68,387.48,388.64,650,6,0,MT5_PY_API_UNIX_SECONDS,UNRESOLVED_REQUIRES_MANUAL_BINDING
1776368400,1776368700,TSLA,TSLA.xnas,M5,Bid,388.66,388.75,388.01,388.58,509,7,0,MT5_PY_API_UNIX_SECONDS,UNRESOLVED_REQUIRES_MANUAL_BINDING
1776368700,1776369000,TSLA,TSLA.xnas,M5,Bid,388.55,389.72,388.55,389.3,543,5,0,MT5_PY_API_UNIX_SECONDS,UNRESOLVED_REQUIRES_MANUAL_BINDING
1776369000,1776369300,TSLA,TSLA.xnas,M5,Bid,389.3,389.64,388.47,388.56,537,6,0,MT5_PY_API_UNIX_SECONDS,UNRESOLVED_REQUIRES_MANUAL_BINDING
1776369300,1776369600,TSLA,TSLA.xnas,M5,Bid,388.56,388.8,388.16,388.44,524,6,0,MT5_PY_API_UNIX_SECONDS,UNRESOLVED_REQUIRES_MANUAL_BINDING
1776369600,1776369900,TSLA,TSLA.xnas,M5,Bid,388.43,388.65,387.63,388.05,522,6,0,MT5_PY_API_UNIX_SECONDS,UNRESOLVED_REQUIRES_MANUAL_BINDING
1776369900,1776370200,TSLA,TSLA.xnas,M5,Bid,388.04,388.38,387.49,388.27,562,5,0,MT5_PY_API_UNIX_SECONDS,UNRESOLVED_REQUIRES_MANUAL_BINDING
1776370200,1776370500,TSLA,TSLA.xnas,M5,Bid,388.32,388.76,387.69,387.8,545,6,0,MT5_PY_API_UNIX_SECONDS,UNRESOLVED_REQUIRES_MANUAL_BINDING
1776370500,1776370800,TSLA,TSLA.xnas,M5,Bid,387.82,388.13,387.49,387.84,633,7,0,MT5_PY_API_UNIX_SECONDS,UNRESOLVED_REQUIRES_MANUAL_BINDING
1776370800,1776371100,TSLA,TSLA.xnas,M5,Bid,387.82,389.13,387.73,388.94,484,6,0,MT5_PY_API_UNIX_SECONDS,UNRESOLVED_REQUIRES_MANUAL_BINDING
1776371100,1776371400,TSLA,TSLA.xnas,M5,Bid,388.95,389.18,388.38,388.48,472,7,0,MT5_PY_API_UNIX_SECONDS,UNRESOLVED_REQUIRES_MANUAL_BINDING
1776371400,1776371700,TSLA,TSLA.xnas,M5,Bid,388.51,388.94,388.18,388.38,475,6,0,MT5_PY_API_UNIX_SECONDS,UNRESOLVED_REQUIRES_MANUAL_BINDING
1776371700,1776372000,TSLA,TSLA.xnas,M5,Bid,388.28,388.28,387.27,387.88,495,6,0,MT5_PY_API_UNIX_SECONDS,UNRESOLVED_REQUIRES_MANUAL_BINDING
1776372000,1776372300,TSLA,TSLA.xnas,M5,Bid,387.91,388.51,387.88,388.45,407,6,0,MT5_PY_API_UNIX_SECONDS,UNRESOLVED_REQUIRES_MANUAL_BINDING
1776372300,1776372600,TSLA,TSLA.xnas,M5,Bid,388.48,388.73,387.93,388.64,337,5,0,MT5_PY_API_UNIX_SECONDS,UNRESOLVED_REQUIRES_MANUAL_BINDING
1776372600,1776372900,TSLA,TSLA.xnas,M5,Bid,388.64,388.7,388.2,388.37,286,6,0,MT5_PY_API_UNIX_SECONDS,UNRESOLVED_REQUIRES_MANUAL_BINDING
1776372900,1776373200,TSLA,TSLA.xnas,M5,Bid,388.37,388.37,387.3,387.94,723,6,0,MT5_PY_API_UNIX_SECONDS,UNRESOLVED_REQUIRES_MANUAL_BINDING
1776373200,1776373500,TSLA,TSLA.xnas,M5,Bid,387.94,388.79,387.62,387.93,820,6,0,MT5_PY_API_UNIX_SECONDS,UNRESOLVED_REQUIRES_MANUAL_BINDING
1776373500,1776373800,TSLA,TSLA.xnas,M5,Bid,387.94,388.23,386.71,386.97,549,7,0,MT5_PY_API_UNIX_SECONDS,UNRESOLVED_REQUIRES_MANUAL_BINDING
1776373800,1776374100,TSLA,TSLA.xnas,M5,Bid,387.06,387.41,386.72,387.22,583,6,0,MT5_PY_API_UNIX_SECONDS,UNRESOLVED_REQUIRES_MANUAL_BINDING
1776374100,1776374400,TSLA,TSLA.xnas,M5,Bid,387.21,387.42,386.23,386.23,510,6,0,MT5_PY_API_UNIX_SECONDS,UNRESOLVED_REQUIRES_MANUAL_BINDING
1776374400,1776374700,TSLA,TSLA.xnas,M5,Bid,386.28,386.49,385.14,385.36,603,6,0,MT5_PY_API_UNIX_SECONDS,UNRESOLVED_REQUIRES_MANUAL_BINDING
1776374700,1776375000,TSLA,TSLA.xnas,M5,Bid,385.42,385.87,385.19,385.85,520,5,0,MT5_PY_API_UNIX_SECONDS,UNRESOLVED_REQUIRES_MANUAL_BINDING
1776375000,1776375300,TSLA,TSLA.xnas,M5,Bid,385.87,387.16,385.82,386.89,555,6,0,MT5_PY_API_UNIX_SECONDS,UNRESOLVED_REQUIRES_MANUAL_BINDING
1776375300,1776375600,TSLA,TSLA.xnas,M5,Bid,386.9,387.61,386.63,387.39,489,5,0,MT5_PY_API_UNIX_SECONDS,UNRESOLVED_REQUIRES_MANUAL_BINDING
1776375600,1776375900,TSLA,TSLA.xnas,M5,Bid,387.39,388.13,387.39,387.72,472,5,0,MT5_PY_API_UNIX_SECONDS,UNRESOLVED_REQUIRES_MANUAL_BINDING
1776375900,1776376200,TSLA,TSLA.xnas,M5,Bid,387.66,387.94,386.97,387.24,461,5,0,MT5_PY_API_UNIX_SECONDS,UNRESOLVED_REQUIRES_MANUAL_BINDING
1776376200,1776376500,TSLA,TSLA.xnas,M5,Bid,387.25,387.65,386.94,387.47,500,5,0,MT5_PY_API_UNIX_SECONDS,UNRESOLVED_REQUIRES_MANUAL_BINDING
1776376500,1776376800,TSLA,TSLA.xnas,M5,Bid,387.44,388.02,387.4,387.95,353,5,0,MT5_PY_API_UNIX_SECONDS,UNRESOLVED_REQUIRES_MANUAL_BINDING
1776376800,1776377100,TSLA,TSLA.xnas,M5,Bid,387.96,388.5,387.74,387.88,668,5,0,MT5_PY_API_UNIX_SECONDS,UNRESOLVED_REQUIRES_MANUAL_BINDING
1776377100,1776377400,TSLA,TSLA.xnas,M5,Bid,387.84,388.24,387.76,388.06,457,5,0,MT5_PY_API_UNIX_SECONDS,UNRESOLVED_REQUIRES_MANUAL_BINDING
1776377400,1776377700,TSLA,TSLA.xnas,M5,Bid,388.06,388.15,387.47,387.73,597,6,0,MT5_PY_API_UNIX_SECONDS,UNRESOLVED_REQUIRES_MANUAL_BINDING
1776377700,1776378000,TSLA,TSLA.xnas,M5,Bid,387.7,388.12,387.7,387.89,470,6,0,MT5_PY_API_UNIX_SECONDS,UNRESOLVED_REQUIRES_MANUAL_BINDING
1776378000,1776378300,TSLA,TSLA.xnas,M5,Bid,387.89,387.93,387.12,387.65,603,5,0,MT5_PY_API_UNIX_SECONDS,UNRESOLVED_REQUIRES_MANUAL_BINDING
1776378300,1776378600,TSLA,TSLA.xnas,M5,Bid,387.64,387.78,387.12,387.32,492,5,0,MT5_PY_API_UNIX_SECONDS,UNRESOLVED_REQUIRES_MANUAL_BINDING
1776378600,1776378900,TSLA,TSLA.xnas,M5,Bid,387.34,388.05,387.16,387.92,508,5,0,MT5_PY_API_UNIX_SECONDS,UNRESOLVED_REQUIRES_MANUAL_BINDING
1776378900,1776379200,TSLA,TSLA.xnas,M5,Bid,387.93,388.97,387.86,388.97,631,5,0,MT5_PY_API_UNIX_SECONDS,UNRESOLVED_REQUIRES_MANUAL_BINDING
1776379200,1776379500,TSLA,TSLA.xnas,M5,Bid,388.89,389.7,388.75,389.3,644,5,0,MT5_PY_API_UNIX_SECONDS,UNRESOLVED_REQUIRES_MANUAL_BINDING
1776379500,1776379800,TSLA,TSLA.xnas,M5,Bid,389.28,389.67,389.09,389.47,609,5,0,MT5_PY_API_UNIX_SECONDS,UNRESOLVED_REQUIRES_MANUAL_BINDING
1776379800,1776380100,TSLA,TSLA.xnas,M5,Bid,389.48,389.73,388.86,389.28,752,5,0,MT5_PY_API_UNIX_SECONDS,UNRESOLVED_REQUIRES_MANUAL_BINDING
1776380100,1776380400,TSLA,TSLA.xnas,M5,Bid,389.33,389.64,388.97,389.02,758,5,0,MT5_PY_API_UNIX_SECONDS,UNRESOLVED_REQUIRES_MANUAL_BINDING
1776443400,1776443700,TSLA,TSLA.xnas,M5,Bid,393.42,398.83,391.61,392.61,1014,7,0,MT5_PY_API_UNIX_SECONDS,UNRESOLVED_REQUIRES_MANUAL_BINDING
1776443700,1776444000,TSLA,TSLA.xnas,M5,Bid,392.59,394.68,392.18,393.78,980,7,0,MT5_PY_API_UNIX_SECONDS,UNRESOLVED_REQUIRES_MANUAL_BINDING
1776444000,1776444300,TSLA,TSLA.xnas,M5,Bid,393.79,396.04,393.43,394.84,1027,5,0,MT5_PY_API_UNIX_SECONDS,UNRESOLVED_REQUIRES_MANUAL_BINDING
1776444300,1776444600,TSLA,TSLA.xnas,M5,Bid,395.03,397.98,394.08,395.55,1077,7,0,MT5_PY_API_UNIX_SECONDS,UNRESOLVED_REQUIRES_MANUAL_BINDING
1776444600,1776444900,TSLA,TSLA.xnas,M5,Bid,395.56,397.02,394.62,395.09,1012,8,0,MT5_PY_API_UNIX_SECONDS,UNRESOLVED_REQUIRES_MANUAL_BINDING
1776444900,1776445200,TSLA,TSLA.xnas,M5,Bid,395.14,395.16,392.82,393.76,900,6,0,MT5_PY_API_UNIX_SECONDS,UNRESOLVED_REQUIRES_MANUAL_BINDING
1776445200,1776445500,TSLA,TSLA.xnas,M5,Bid,393.76,394.94,392.89,393.91,878,7,0,MT5_PY_API_UNIX_SECONDS,UNRESOLVED_REQUIRES_MANUAL_BINDING
1776445500,1776445800,TSLA,TSLA.xnas,M5,Bid,393.91,394.73,392.75,394.72,837,7,0,MT5_PY_API_UNIX_SECONDS,UNRESOLVED_REQUIRES_MANUAL_BINDING
1776445800,1776446100,TSLA,TSLA.xnas,M5,Bid,394.71,395.99,394.19,395.78,883,7,0,MT5_PY_API_UNIX_SECONDS,UNRESOLVED_REQUIRES_MANUAL_BINDING
1776446100,1776446400,TSLA,TSLA.xnas,M5,Bid,395.78,396.4,394.92,395.21,899,7,0,MT5_PY_API_UNIX_SECONDS,UNRESOLVED_REQUIRES_MANUAL_BINDING
1776446400,1776446700,TSLA,TSLA.xnas,M5,Bid,395.22,396.02,394.08,395.82,781,8,0,MT5_PY_API_UNIX_SECONDS,UNRESOLVED_REQUIRES_MANUAL_BINDING
1776446700,1776447000,TSLA,TSLA.xnas,M5,Bid,395.9,396.66,395.57,396.4,785,5,0,MT5_PY_API_UNIX_SECONDS,UNRESOLVED_REQUIRES_MANUAL_BINDING
1776447000,1776447300,TSLA,TSLA.xnas,M5,Bid,396.52,398.81,396.38,398.62,821,5,0,MT5_PY_API_UNIX_SECONDS,UNRESOLVED_REQUIRES_MANUAL_BINDING
1776447300,1776447600,TSLA,TSLA.xnas,M5,Bid,398.6,400.36,397.37,400.32,1094,5,0,MT5_PY_API_UNIX_SECONDS,UNRESOLVED_REQUIRES_MANUAL_BINDING
1776447600,1776447900,TSLA,TSLA.xnas,M5,Bid,400.31,402.41,400.3,401.25,977,5,0,MT5_PY_API_UNIX_SECONDS,UNRESOLVED_REQUIRES_MANUAL_BINDING
1776447900,1776448200,TSLA,TSLA.xnas,M5,Bid,401.39,402.89,400.02,402.84,928,5,0,MT5_PY_API_UNIX_SECONDS,UNRESOLVED_REQUIRES_MANUAL_BINDING
1776448200,1776448500,TSLA,TSLA.xnas,M5,Bid,402.86,406.02,401.85,405.76,1043,5,0,MT5_PY_API_UNIX_SECONDS,UNRESOLVED_REQUIRES_MANUAL_BINDING
1776448500,1776448800,TSLA,TSLA.xnas,M5,Bid,405.74,406.92,404.2,406.27,1019,5,0,MT5_PY_API_UNIX_SECONDS,UNRESOLVED_REQUIRES_MANUAL_BINDING
1776448800,1776449100,TSLA,TSLA.xnas,M5,Bid,406.31,408.03,404.15,404.97,1084,7,0,MT5_PY_API_UNIX_SECONDS,UNRESOLVED_REQUIRES_MANUAL_BINDING
1776449100,1776449400,TSLA,TSLA.xnas,M5,Bid,404.96,405.3,404.18,405.14,879,6,0,MT5_PY_API_UNIX_SECONDS,UNRESOLVED_REQUIRES_MANUAL_BINDING
1776449400,1776449700,TSLA,TSLA.xnas,M5,Bid,405.14,405.98,404.33,404.7,885,6,0,MT5_PY_API_UNIX_SECONDS,UNRESOLVED_REQUIRES_MANUAL_BINDING
1776449700,1776450000,TSLA,TSLA.xnas,M5,Bid,404.7,406.33,404.53,405.52,908,5,0,MT5_PY_API_UNIX_SECONDS,UNRESOLVED_REQUIRES_MANUAL_BINDING
1776450000,1776450300,TSLA,TSLA.xnas,M5,Bid,405.51,406.62,404.85,406.24,807,5,0,MT5_PY_API_UNIX_SECONDS,UNRESOLVED_REQUIRES_MANUAL_BINDING
1776450300,1776450600,TSLA,TSLA.xnas,M5,Bid,406.21,409.23,406.21,408.02,892,5,0,MT5_PY_API_UNIX_SECONDS,UNRESOLVED_REQUIRES_MANUAL_BINDING
1776450600,1776450900,TSLA,TSLA.xnas,M5,Bid,408.02,409.01,407.59,408.27,939,5,0,MT5_PY_API_UNIX_SECONDS,UNRESOLVED_REQUIRES_MANUAL_BINDING
1776450900,1776451200,TSLA,TSLA.xnas,M5,Bid,408.3,409.02,407.96,408.7,716,5,0,MT5_PY_API_UNIX_SECONDS,UNRESOLVED_REQUIRES_MANUAL_BINDING
1776451200,1776451500,TSLA,TSLA.xnas,M5,Bid,408.67,408.67,406.47,406.88,904,6,0,MT5_PY_API_UNIX_SECONDS,UNRESOLVED_REQUIRES_MANUAL_BINDING
1776451500,1776451800,TSLA,TSLA.xnas,M5,Bid,406.93,407.47,405.51,406.24,848,5,0,MT5_PY_API_UNIX_SECONDS,UNRESOLVED_REQUIRES_MANUAL_BINDING
1776451800,1776452100,TSLA,TSLA.xnas,M5,Bid,406.22,407.12,405.44,406.29,747,5,0,MT5_PY_API_UNIX_SECONDS,UNRESOLVED_REQUIRES_MANUAL_BINDING
1776452100,1776452400,TSLA,TSLA.xnas,M5,Bid,406.21,406.69,405.77,406.09,759,7,0,MT5_PY_API_UNIX_SECONDS,UNRESOLVED_REQUIRES_MANUAL_BINDING
1776452400,1776452700,TSLA,TSLA.xnas,M5,Bid,406.09,407.44,405.46,407.03,857,7,0,MT5_PY_API_UNIX_SECONDS,UNRESOLVED_REQUIRES_MANUAL_BINDING
1776452700,1776453000,TSLA,TSLA.xnas,M5,Bid,407.03,408.32,406.8,406.92,655,5,0,MT5_PY_API_UNIX_SECONDS,UNRESOLVED_REQUIRES_MANUAL_BINDING
1776453000,1776453300,TSLA,TSLA.xnas,M5,Bid,406.91,407.2,406.02,406.02,681,6,0,MT5_PY_API_UNIX_SECONDS,UNRESOLVED_REQUIRES_MANUAL_BINDING
1776453300,1776453600,TSLA,TSLA.xnas,M5,Bid,405.99,406.68,405.15,405.91,739,5,0,MT5_PY_API_UNIX_SECONDS,UNRESOLVED_REQUIRES_MANUAL_BINDING
1776453600,1776453900,TSLA,TSLA.xnas,M5,Bid,405.91,406.64,405.3,406.25,639,5,0,MT5_PY_API_UNIX_SECONDS,UNRESOLVED_REQUIRES_MANUAL_BINDING
1776453900,1776454200,TSLA,TSLA.xnas,M5,Bid,406.25,407.74,406.17,407.07,563,6,0,MT5_PY_API_UNIX_SECONDS,UNRESOLVED_REQUIRES_MANUAL_BINDING
1776454200,1776454500,TSLA,TSLA.xnas,M5,Bid,407.1,407.9,406.29,406.39,559,5,0,MT5_PY_API_UNIX_SECONDS,UNRESOLVED_REQUIRES_MANUAL_BINDING
1776454500,1776454800,TSLA,TSLA.xnas,M5,Bid,406.38,406.65,405.53,405.53,526,5,0,MT5_PY_API_UNIX_SECONDS,UNRESOLVED_REQUIRES_MANUAL_BINDING
1776454800,1776455100,TSLA,TSLA.xnas,M5,Bid,405.55,406.12,405.23,406.01,549,5,0,MT5_PY_API_UNIX_SECONDS,UNRESOLVED_REQUIRES_MANUAL_BINDING
1776455100,1776455400,TSLA,TSLA.xnas,M5,Bid,406.0,407.02,405.94,406.59,541,6,0,MT5_PY_API_UNIX_SECONDS,UNRESOLVED_REQUIRES_MANUAL_BINDING
1776455400,1776455700,TSLA,TSLA.xnas,M5,Bid,406.59,406.64,405.69,406.47,471,5,0,MT5_PY_API_UNIX_SECONDS,UNRESOLVED_REQUIRES_MANUAL_BINDING
1776455700,1776456000,TSLA,TSLA.xnas,M5,Bid,406.42,406.6,405.77,405.92,422,6,0,MT5_PY_API_UNIX_SECONDS,UNRESOLVED_REQUIRES_MANUAL_BINDING
1776456000,1776456300,TSLA,TSLA.xnas,M5,Bid,405.9,406.3,405.58,406.13,467,6,0,MT5_PY_API_UNIX_SECONDS,UNRESOLVED_REQUIRES_MANUAL_BINDING
1776456300,1776456600,TSLA,TSLA.xnas,M5,Bid,406.12,406.77,404.67,405.41,706,5,0,MT5_PY_API_UNIX_SECONDS,UNRESOLVED_REQUIRES_MANUAL_BINDING
1776456600,1776456900,TSLA,TSLA.xnas,M5,Bid,405.26,405.36,404.4,404.84,747,5,0,MT5_PY_API_UNIX_SECONDS,UNRESOLVED_REQUIRES_MANUAL_BINDING
1776456900,1776457200,TSLA,TSLA.xnas,M5,Bid,404.85,404.99,403.18,403.46,592,7,0,MT5_PY_API_UNIX_SECONDS,UNRESOLVED_REQUIRES_MANUAL_BINDING
1776457200,1776457500,TSLA,TSLA.xnas,M5,Bid,403.47,403.55,401.51,401.79,906,6,0,MT5_PY_API_UNIX_SECONDS,UNRESOLVED_REQUIRES_MANUAL_BINDING
1776457500,1776457800,TSLA,TSLA.xnas,M5,Bid,401.79,402.29,400.5,401.47,954,6,0,MT5_PY_API_UNIX_SECONDS,UNRESOLVED_REQUIRES_MANUAL_BINDING
1776457800,1776458100,TSLA,TSLA.xnas,M5,Bid,401.5,402.62,401.37,401.39,792,5,0,MT5_PY_API_UNIX_SECONDS,UNRESOLVED_REQUIRES_MANUAL_BINDING
1776458100,1776458400,TSLA,TSLA.xnas,M5,Bid,401.46,402.48,401.05,401.88,775,6,0,MT5_PY_API_UNIX_SECONDS,UNRESOLVED_REQUIRES_MANUAL_BINDING
1776458400,1776458700,TSLA,TSLA.xnas,M5,Bid,401.89,402.02,400.97,401.34,575,5,0,MT5_PY_API_UNIX_SECONDS,UNRESOLVED_REQUIRES_MANUAL_BINDING
1776458700,1776459000,TSLA,TSLA.xnas,M5,Bid,401.23,402.05,401.22,401.62,554,5,0,MT5_PY_API_UNIX_SECONDS,UNRESOLVED_REQUIRES_MANUAL_BINDING
1776459000,1776459300,TSLA,TSLA.xnas,M5,Bid,401.55,402.41,401.52,402.09,509,5,0,MT5_PY_API_UNIX_SECONDS,UNRESOLVED_REQUIRES_MANUAL_BINDING
1776459300,1776459600,TSLA,TSLA.xnas,M5,Bid,402.12,402.48,401.63,401.95,535,5,0,MT5_PY_API_UNIX_SECONDS,UNRESOLVED_REQUIRES_MANUAL_BINDING
1776459600,1776459900,TSLA,TSLA.xnas,M5,Bid,401.93,402.24,400.2,400.45,745,5,0,MT5_PY_API_UNIX_SECONDS,UNRESOLVED_REQUIRES_MANUAL_BINDING
1776459900,1776460200,TSLA,TSLA.xnas,M5,Bid,400.48,400.73,399.69,400.02,656,5,0,MT5_PY_API_UNIX_SECONDS,UNRESOLVED_REQUIRES_MANUAL_BINDING
1776460200,1776460500,TSLA,TSLA.xnas,M5,Bid,400.02,400.32,399.42,399.79,590,7,0,MT5_PY_API_UNIX_SECONDS,UNRESOLVED_REQUIRES_MANUAL_BINDING
1776460500,1776460800,TSLA,TSLA.xnas,M5,Bid,399.76,401.11,399.65,400.78,620,5,0,MT5_PY_API_UNIX_SECONDS,UNRESOLVED_REQUIRES_MANUAL_BINDING
1776460800,1776461100,TSLA,TSLA.xnas,M5,Bid,400.72,400.88,399.9,400.61,698,5,0,MT5_PY_API_UNIX_SECONDS,UNRESOLVED_REQUIRES_MANUAL_BINDING
1776461100,1776461400,TSLA,TSLA.xnas,M5,Bid,400.59,401.33,400.15,400.59,636,5,0,MT5_PY_API_UNIX_SECONDS,UNRESOLVED_REQUIRES_MANUAL_BINDING
1776461400,1776461700,TSLA,TSLA.xnas,M5,Bid,400.59,401.16,400.26,400.93,530,6,0,MT5_PY_API_UNIX_SECONDS,UNRESOLVED_REQUIRES_MANUAL_BINDING
1776461700,1776462000,TSLA,TSLA.xnas,M5,Bid,400.93,401.76,400.77,401.46,503,6,0,MT5_PY_API_UNIX_SECONDS,UNRESOLVED_REQUIRES_MANUAL_BINDING
1776462000,1776462300,TSLA,TSLA.xnas,M5,Bid,401.46,402.09,401.18,402.05,590,5,0,MT5_PY_API_UNIX_SECONDS,UNRESOLVED_REQUIRES_MANUAL_BINDING
1776462300,1776462600,TSLA,TSLA.xnas,M5,Bid,402.03,403.03,401.8,402.35,528,5,0,MT5_PY_API_UNIX_SECONDS,UNRESOLVED_REQUIRES_MANUAL_BINDING
1776462600,1776462900,TSLA,TSLA.xnas,M5,Bid,402.34,402.55,401.24,401.62,593,6,0,MT5_PY_API_UNIX_SECONDS,UNRESOLVED_REQUIRES_MANUAL_BINDING
1776462900,1776463200,TSLA,TSLA.xnas,M5,Bid,401.57,402.33,401.23,401.32,699,6,0,MT5_PY_API_UNIX_SECONDS,UNRESOLVED_REQUIRES_MANUAL_BINDING
1776463200,1776463500,TSLA,TSLA.xnas,M5,Bid,401.39,402.1,401.12,401.6,655,5,0,MT5_PY_API_UNIX_SECONDS,UNRESOLVED_REQUIRES_MANUAL_BINDING
1776463500,1776463800,TSLA,TSLA.xnas,M5,Bid,401.56,401.59,400.68,401.41,739,5,0,MT5_PY_API_UNIX_SECONDS,UNRESOLVED_REQUIRES_MANUAL_BINDING
1776463800,1776464100,TSLA,TSLA.xnas,M5,Bid,401.39,401.44,400.39,401.26,807,6,0,MT5_PY_API_UNIX_SECONDS,UNRESOLVED_REQUIRES_MANUAL_BINDING
1776464100,1776464400,TSLA,TSLA.xnas,M5,Bid,401.28,402.26,401.17,402.26,817,6,0,MT5_PY_API_UNIX_SECONDS,UNRESOLVED_REQUIRES_MANUAL_BINDING
1776464400,1776464700,TSLA,TSLA.xnas,M5,Bid,402.28,402.4,401.26,401.84,634,5,0,MT5_PY_API_UNIX_SECONDS,UNRESOLVED_REQUIRES_MANUAL_BINDING
1776464700,1776465000,TSLA,TSLA.xnas,M5,Bid,401.81,402.37,401.56,401.76,674,6,0,MT5_PY_API_UNIX_SECONDS,UNRESOLVED_REQUIRES_MANUAL_BINDING
1776465000,1776465300,TSLA,TSLA.xnas,M5,Bid,401.71,402.54,401.49,402.24,785,5,0,MT5_PY_API_UNIX_SECONDS,UNRESOLVED_REQUIRES_MANUAL_BINDING
1776465300,1776465600,TSLA,TSLA.xnas,M5,Bid,402.23,402.58,401.78,402.07,744,5,0,MT5_PY_API_UNIX_SECONDS,UNRESOLVED_REQUIRES_MANUAL_BINDING
1776465600,1776465900,TSLA,TSLA.xnas,M5,Bid,402.05,402.32,401.13,401.22,729,5,0,MT5_PY_API_UNIX_SECONDS,UNRESOLVED_REQUIRES_MANUAL_BINDING
1776465900,1776466200,TSLA,TSLA.xnas,M5,Bid,401.16,401.23,400.27,400.89,802,5,0,MT5_PY_API_UNIX_SECONDS,UNRESOLVED_REQUIRES_MANUAL_BINDING
1776466200,1776466500,TSLA,TSLA.xnas,M5,Bid,400.91,400.94,399.78,400.74,965,5,0,MT5_PY_API_UNIX_SECONDS,UNRESOLVED_REQUIRES_MANUAL_BINDING
1776466500,1776466800,TSLA,TSLA.xnas,M5,Bid,400.83,400.83,399.97,400.33,1062,5,0,MT5_PY_API_UNIX_SECONDS,UNRESOLVED_REQUIRES_MANUAL_BINDING
1776702600,1776702900,TSLA,TSLA.xnas,M5,Bid,405.14,406.39,401.25,404.75,1054,7,0,MT5_PY_API_UNIX_SECONDS,UNRESOLVED_REQUIRES_MANUAL_BINDING
1776702900,1776703200,TSLA,TSLA.xnas,M5,Bid,404.78,405.49,399.17,399.72,1223,6,0,MT5_PY_API_UNIX_SECONDS,UNRESOLVED_REQUIRES_MANUAL_BINDING
1776703200,1776703500,TSLA,TSLA.xnas,M5,Bid,399.33,399.67,395.28,395.53,1239,6,0,MT5_PY_API_UNIX_SECONDS,UNRESOLVED_REQUIRES_MANUAL_BINDING
1776703500,1776703800,TSLA,TSLA.xnas,M5,Bid,395.51,396.86,393.55,394.4,1216,5,0,MT5_PY_API_UNIX_SECONDS,UNRESOLVED_REQUIRES_MANUAL_BINDING
1776703800,1776704100,TSLA,TSLA.xnas,M5,Bid,394.4,396.37,393.67,396.06,1047,6,0,MT5_PY_API_UNIX_SECONDS,UNRESOLVED_REQUIRES_MANUAL_BINDING
1776704100,1776704400,TSLA,TSLA.xnas,M5,Bid,396.31,396.64,394.69,395.7,1110,6,0,MT5_PY_API_UNIX_SECONDS,UNRESOLVED_REQUIRES_MANUAL_BINDING
1776704400,1776704700,TSLA,TSLA.xnas,M5,Bid,395.71,396.55,394.3,394.72,896,7,0,MT5_PY_API_UNIX_SECONDS,UNRESOLVED_REQUIRES_MANUAL_BINDING
1776704700,1776705000,TSLA,TSLA.xnas,M5,Bid,394.87,395.79,394.47,395.73,790,6,0,MT5_PY_API_UNIX_SECONDS,UNRESOLVED_REQUIRES_MANUAL_BINDING
1776705000,1776705300,TSLA,TSLA.xnas,M5,Bid,395.73,396.03,392.18,393.29,1006,6,0,MT5_PY_API_UNIX_SECONDS,UNRESOLVED_REQUIRES_MANUAL_BINDING
1776705300,1776705600,TSLA,TSLA.xnas,M5,Bid,393.43,393.44,392.27,392.51,833,6,0,MT5_PY_API_UNIX_SECONDS,UNRESOLVED_REQUIRES_MANUAL_BINDING
1776705600,1776705900,TSLA,TSLA.xnas,M5,Bid,392.49,394.67,391.98,394.3,902,6,0,MT5_PY_API_UNIX_SECONDS,UNRESOLVED_REQUIRES_MANUAL_BINDING
1776705900,1776706200,TSLA,TSLA.xnas,M5,Bid,394.25,394.83,392.5,392.84,826,6,0,MT5_PY_API_UNIX_SECONDS,UNRESOLVED_REQUIRES_MANUAL_BINDING
1776706200,1776706500,TSLA,TSLA.xnas,M5,Bid,392.84,393.58,391.81,393.23,758,7,0,MT5_PY_API_UNIX_SECONDS,UNRESOLVED_REQUIRES_MANUAL_BINDING
1776706500,1776706800,TSLA,TSLA.xnas,M5,Bid,393.25,394.75,392.94,393.9,828,7,0,MT5_PY_API_UNIX_SECONDS,UNRESOLVED_REQUIRES_MANUAL_BINDING
1776706800,1776707100,TSLA,TSLA.xnas,M5,Bid,393.87,394.09,391.77,392.53,822,7,0,MT5_PY_API_UNIX_SECONDS,UNRESOLVED_REQUIRES_MANUAL_BINDING
1776707100,1776707400,TSLA,TSLA.xnas,M5,Bid,392.56,393.3,392.02,392.88,687,8,0,MT5_PY_API_UNIX_SECONDS,UNRESOLVED_REQUIRES_MANUAL_BINDING
1776707400,1776707700,TSLA,TSLA.xnas,M5,Bid,392.88,392.98,390.22,391.45,867,7,0,MT5_PY_API_UNIX_SECONDS,UNRESOLVED_REQUIRES_MANUAL_BINDING
1776707700,1776708000,TSLA,TSLA.xnas,M5,Bid,391.31,391.43,390.05,390.33,770,7,0,MT5_PY_API_UNIX_SECONDS,UNRESOLVED_REQUIRES_MANUAL_BINDING
1776708000,1776708300,TSLA,TSLA.xnas,M5,Bid,390.37,391.23,389.6,389.97,783,6,0,MT5_PY_API_UNIX_SECONDS,UNRESOLVED_REQUIRES_MANUAL_BINDING
1776708300,1776708600,TSLA,TSLA.xnas,M5,Bid,389.74,390.46,388.24,389.68,860,5,0,MT5_PY_API_UNIX_SECONDS,UNRESOLVED_REQUIRES_MANUAL_BINDING
1776708600,1776708900,TSLA,TSLA.xnas,M5,Bid,389.67,391.03,389.58,391.03,792,5,0,MT5_PY_API_UNIX_SECONDS,UNRESOLVED_REQUIRES_MANUAL_BINDING
1776708900,1776709200,TSLA,TSLA.xnas,M5,Bid,390.91,392.04,390.51,391.59,773,5,0,MT5_PY_API_UNIX_SECONDS,UNRESOLVED_REQUIRES_MANUAL_BINDING
1776709200,1776709500,TSLA,TSLA.xnas,M5,Bid,391.58,392.88,391.1,392.35,831,7,0,MT5_PY_API_UNIX_SECONDS,UNRESOLVED_REQUIRES_MANUAL_BINDING
1776709500,1776709800,TSLA,TSLA.xnas,M5,Bid,392.33,393.28,391.98,393.15,757,5,0,MT5_PY_API_UNIX_SECONDS,UNRESOLVED_REQUIRES_MANUAL_BINDING
1776709800,1776710100,TSLA,TSLA.xnas,M5,Bid,392.89,393.08,391.47,391.65,706,5,0,MT5_PY_API_UNIX_SECONDS,UNRESOLVED_REQUIRES_MANUAL_BINDING
1776710100,1776710400,TSLA,TSLA.xnas,M5,Bid,391.67,392.2,390.98,391.36,703,5,0,MT5_PY_API_UNIX_SECONDS,UNRESOLVED_REQUIRES_MANUAL_BINDING
1776710400,1776710700,TSLA,TSLA.xnas,M5,Bid,391.45,391.81,390.67,390.97,692,5,0,MT5_PY_API_UNIX_SECONDS,UNRESOLVED_REQUIRES_MANUAL_BINDING
1776710700,1776711000,TSLA,TSLA.xnas,M5,Bid,390.97,391.19,390.4,390.61,585,7,0,MT5_PY_API_UNIX_SECONDS,UNRESOLVED_REQUIRES_MANUAL_BINDING
1776711000,1776711300,TSLA,TSLA.xnas,M5,Bid,390.61,391.0,390.27,390.8,619,6,0,MT5_PY_API_UNIX_SECONDS,UNRESOLVED_REQUIRES_MANUAL_BINDING
1776711300,1776711600,TSLA,TSLA.xnas,M5,Bid,390.78,391.31,390.29,390.64,626,6,0,MT5_PY_API_UNIX_SECONDS,UNRESOLVED_REQUIRES_MANUAL_BINDING
1776711600,1776711900,TSLA,TSLA.xnas,M5,Bid,390.67,391.04,390.3,390.73,579,6,0,MT5_PY_API_UNIX_SECONDS,UNRESOLVED_REQUIRES_MANUAL_BINDING
1776711900,1776712200,TSLA,TSLA.xnas,M5,Bid,390.75,392.06,390.68,391.58,615,5,0,MT5_PY_API_UNIX_SECONDS,UNRESOLVED_REQUIRES_MANUAL_BINDING
1776712200,1776712500,TSLA,TSLA.xnas,M5,Bid,391.6,392.88,391.58,392.28,762,6,0,MT5_PY_API_UNIX_SECONDS,UNRESOLVED_REQUIRES_MANUAL_BINDING
1776712500,1776712800,TSLA,TSLA.xnas,M5,Bid,392.27,392.83,391.71,392.72,765,6,0,MT5_PY_API_UNIX_SECONDS,UNRESOLVED_REQUIRES_MANUAL_BINDING
1776712800,1776713100,TSLA,TSLA.xnas,M5,Bid,392.73,393.17,392.06,392.13,647,5,0,MT5_PY_API_UNIX_SECONDS,UNRESOLVED_REQUIRES_MANUAL_BINDING
1776713100,1776713400,TSLA,TSLA.xnas,M5,Bid,392.13,392.67,391.77,392.32,584,6,0,MT5_PY_API_UNIX_SECONDS,UNRESOLVED_REQUIRES_MANUAL_BINDING
1776713400,1776713700,TSLA,TSLA.xnas,M5,Bid,392.34,393.13,392.32,392.66,586,6,0,MT5_PY_API_UNIX_SECONDS,UNRESOLVED_REQUIRES_MANUAL_BINDING
1776713700,1776714000,TSLA,TSLA.xnas,M5,Bid,392.64,392.75,392.01,392.12,565,6,0,MT5_PY_API_UNIX_SECONDS,UNRESOLVED_REQUIRES_MANUAL_BINDING
1776714000,1776714300,TSLA,TSLA.xnas,M5,Bid,392.19,392.76,391.97,392.4,571,7,0,MT5_PY_API_UNIX_SECONDS,UNRESOLVED_REQUIRES_MANUAL_BINDING
1776714300,1776714600,TSLA,TSLA.xnas,M5,Bid,392.31,392.79,391.82,392.01,549,6,0,MT5_PY_API_UNIX_SECONDS,UNRESOLVED_REQUIRES_MANUAL_BINDING
1776714600,1776714900,TSLA,TSLA.xnas,M5,Bid,391.95,392.55,391.8,392.22,484,5,0,MT5_PY_API_UNIX_SECONDS,UNRESOLVED_REQUIRES_MANUAL_BINDING
1776714900,1776715200,TSLA,TSLA.xnas,M5,Bid,392.23,392.23,390.84,391.0,496,6,0,MT5_PY_API_UNIX_SECONDS,UNRESOLVED_REQUIRES_MANUAL_BINDING
1776715200,1776715500,TSLA,TSLA.xnas,M5,Bid,391.02,391.5,390.74,391.05,538,6,0,MT5_PY_API_UNIX_SECONDS,UNRESOLVED_REQUIRES_MANUAL_BINDING
1776715500,1776715800,TSLA,TSLA.xnas,M5,Bid,391.06,391.68,390.78,391.38,536,6,0,MT5_PY_API_UNIX_SECONDS,UNRESOLVED_REQUIRES_MANUAL_BINDING
1776715800,1776716100,TSLA,TSLA.xnas,M5,Bid,391.34,391.99,391.15,391.8,498,5,0,MT5_PY_API_UNIX_SECONDS,UNRESOLVED_REQUIRES_MANUAL_BINDING
1776716100,1776716400,TSLA,TSLA.xnas,M5,Bid,391.8,392.35,391.15,392.16,546,6,0,MT5_PY_API_UNIX_SECONDS,UNRESOLVED_REQUIRES_MANUAL_BINDING
1776716400,1776716700,TSLA,TSLA.xnas,M5,Bid,392.16,392.42,391.76,392.1,504,6,0,MT5_PY_API_UNIX_SECONDS,UNRESOLVED_REQUIRES_MANUAL_BINDING
1776716700,1776717000,TSLA,TSLA.xnas,M5,Bid,392.12,392.36,391.75,391.9,453,6,0,MT5_PY_API_UNIX_SECONDS,UNRESOLVED_REQUIRES_MANUAL_BINDING
1776717000,1776717300,TSLA,TSLA.xnas,M5,Bid,391.87,392.28,391.65,392.05,429,5,0,MT5_PY_API_UNIX_SECONDS,UNRESOLVED_REQUIRES_MANUAL_BINDING
1776717300,1776717600,TSLA,TSLA.xnas,M5,Bid,392.03,392.89,392.03,392.68,534,5,0,MT5_PY_API_UNIX_SECONDS,UNRESOLVED_REQUIRES_MANUAL_BINDING
1776717600,1776717900,TSLA,TSLA.xnas,M5,Bid,392.63,393.22,392.23,392.61,652,5,0,MT5_PY_API_UNIX_SECONDS,UNRESOLVED_REQUIRES_MANUAL_BINDING
1776717900,1776718200,TSLA,TSLA.xnas,M5,Bid,392.59,393.19,392.44,392.93,490,6,0,MT5_PY_API_UNIX_SECONDS,UNRESOLVED_REQUIRES_MANUAL_BINDING
1776718200,1776718500,TSLA,TSLA.xnas,M5,Bid,392.95,393.01,392.52,392.59,479,5,0,MT5_PY_API_UNIX_SECONDS,UNRESOLVED_REQUIRES_MANUAL_BINDING
1776718500,1776718800,TSLA,TSLA.xnas,M5,Bid,392.59,392.59,391.87,392.03,461,5,0,MT5_PY_API_UNIX_SECONDS,UNRESOLVED_REQUIRES_MANUAL_BINDING
1776718800,1776719100,TSLA,TSLA.xnas,M5,Bid,392.04,392.75,391.9,392.59,599,6,0,MT5_PY_API_UNIX_SECONDS,UNRESOLVED_REQUIRES_MANUAL_BINDING
1776719100,1776719400,TSLA,TSLA.xnas,M5,Bid,392.52,393.09,392.38,392.9,579,6,0,MT5_PY_API_UNIX_SECONDS,UNRESOLVED_REQUIRES_MANUAL_BINDING
1776719400,1776719700,TSLA,TSLA.xnas,M5,Bid,392.88,392.94,391.97,392.74,490,5,0,MT5_PY_API_UNIX_SECONDS,UNRESOLVED_REQUIRES_MANUAL_BINDING
1776719700,1776720000,TSLA,TSLA.xnas,M5,Bid,392.74,393.32,392.58,393.16,489,5,0,MT5_PY_API_UNIX_SECONDS,UNRESOLVED_REQUIRES_MANUAL_BINDING
1776720000,1776720300,TSLA,TSLA.xnas,M5,Bid,393.19,393.19,392.57,392.79,549,6,0,MT5_PY_API_UNIX_SECONDS,UNRESOLVED_REQUIRES_MANUAL_BINDING
1776720300,1776720600,TSLA,TSLA.xnas,M5,Bid,392.83,393.02,392.41,392.84,553,6,0,MT5_PY_API_UNIX_SECONDS,UNRESOLVED_REQUIRES_MANUAL_BINDING
1776720600,1776720900,TSLA,TSLA.xnas,M5,Bid,392.84,393.0,392.2,392.82,564,6,0,MT5_PY_API_UNIX_SECONDS,UNRESOLVED_REQUIRES_MANUAL_BINDING
1776720900,1776721200,TSLA,TSLA.xnas,M5,Bid,392.86,392.9,391.65,391.79,518,5,0,MT5_PY_API_UNIX_SECONDS,UNRESOLVED_REQUIRES_MANUAL_BINDING
1776721200,1776721500,TSLA,TSLA.xnas,M5,Bid,391.81,392.26,391.66,391.94,458,5,0,MT5_PY_API_UNIX_SECONDS,UNRESOLVED_REQUIRES_MANUAL_BINDING
1776721500,1776721800,TSLA,TSLA.xnas,M5,Bid,391.94,392.04,391.37,391.79,447,5,0,MT5_PY_API_UNIX_SECONDS,UNRESOLVED_REQUIRES_MANUAL_BINDING
1776721800,1776722100,TSLA,TSLA.xnas,M5,Bid,391.85,392.3,391.69,392.3,506,5,0,MT5_PY_API_UNIX_SECONDS,UNRESOLVED_REQUIRES_MANUAL_BINDING
1776722100,1776722400,TSLA,TSLA.xnas,M5,Bid,392.29,392.56,391.79,391.84,437,5,0,MT5_PY_API_UNIX_SECONDS,UNRESOLVED_REQUIRES_MANUAL_BINDING
1776722400,1776722700,TSLA,TSLA.xnas,M5,Bid,391.86,392.22,390.88,391.27,522,6,0,MT5_PY_API_UNIX_SECONDS,UNRESOLVED_REQUIRES_MANUAL_BINDING
1776722700,1776723000,TSLA,TSLA.xnas,M5,Bid,391.17,391.29,390.44,390.96,488,6,0,MT5_PY_API_UNIX_SECONDS,UNRESOLVED_REQUIRES_MANUAL_BINDING
1776723000,1776723300,TSLA,TSLA.xnas,M5,Bid,390.96,391.67,390.85,391.39,529,7,0,MT5_PY_API_UNIX_SECONDS,UNRESOLVED_REQUIRES_MANUAL_BINDING
1776723300,1776723600,TSLA,TSLA.xnas,M5,Bid,391.41,391.91,391.15,391.7,475,5,0,MT5_PY_API_UNIX_SECONDS,UNRESOLVED_REQUIRES_MANUAL_BINDING
1776723600,1776723900,TSLA,TSLA.xnas,M5,Bid,391.74,392.24,391.5,392.06,497,5,0,MT5_PY_API_UNIX_SECONDS,UNRESOLVED_REQUIRES_MANUAL_BINDING
1776723900,1776724200,TSLA,TSLA.xnas,M5,Bid,392.09,392.23,391.66,392.19,465,6,0,MT5_PY_API_UNIX_SECONDS,UNRESOLVED_REQUIRES_MANUAL_BINDING
1776724200,1776724500,TSLA,TSLA.xnas,M5,Bid,392.23,393.14,392.16,392.67,581,5,0,MT5_PY_API_UNIX_SECONDS,UNRESOLVED_REQUIRES_MANUAL_BINDING
1776724500,1776724800,TSLA,TSLA.xnas,M5,Bid,392.64,393.36,392.63,393.34,422,5,0,MT5_PY_API_UNIX_SECONDS,UNRESOLVED_REQUIRES_MANUAL_BINDING
1776724800,1776725100,TSLA,TSLA.xnas,M5,Bid,393.34,393.48,392.6,392.87,531,5,0,MT5_PY_API_UNIX_SECONDS,UNRESOLVED_REQUIRES_MANUAL_BINDING
1776725100,1776725400,TSLA,TSLA.xnas,M5,Bid,392.86,393.31,392.55,392.83,514,5,0,MT5_PY_API_UNIX_SECONDS,UNRESOLVED_REQUIRES_MANUAL_BINDING
1776725400,1776725700,TSLA,TSLA.xnas,M5,Bid,392.83,393.36,392.61,392.97,659,5,0,MT5_PY_API_UNIX_SECONDS,UNRESOLVED_REQUIRES_MANUAL_BINDING
1776725700,1776726000,TSLA,TSLA.xnas,M5,Bid,393.07,393.07,392.32,392.45,790,5,0,MT5_PY_API_UNIX_SECONDS,UNRESOLVED_REQUIRES_MANUAL_BINDING
1776789000,1776789300,TSLA,TSLA.xnas,M5,Bid,391.96,392.23,389.05,390.7,828,8,0,MT5_PY_API_UNIX_SECONDS,UNRESOLVED_REQUIRES_MANUAL_BINDING
1776789300,1776789600,TSLA,TSLA.xnas,M5,Bid,390.71,391.44,389.74,390.24,850,7,0,MT5_PY_API_UNIX_SECONDS,UNRESOLVED_REQUIRES_MANUAL_BINDING
1776789600,1776789900,TSLA,TSLA.xnas,M5,Bid,390.25,392.64,390.23,391.61,984,7,0,MT5_PY_API_UNIX_SECONDS,UNRESOLVED_REQUIRES_MANUAL_BINDING
1776789900,1776790200,TSLA,TSLA.xnas,M5,Bid,391.53,392.87,391.15,391.58,929,8,0,MT5_PY_API_UNIX_SECONDS,UNRESOLVED_REQUIRES_MANUAL_BINDING
1776790200,1776790500,TSLA,TSLA.xnas,M5,Bid,391.56,392.26,390.35,390.57,706,6,0,MT5_PY_API_UNIX_SECONDS,UNRESOLVED_REQUIRES_MANUAL_BINDING
1776790500,1776790800,TSLA,TSLA.xnas,M5,Bid,390.59,392.35,390.56,392.31,677,5,0,MT5_PY_API_UNIX_SECONDS,UNRESOLVED_REQUIRES_MANUAL_BINDING
1776790800,1776791100,TSLA,TSLA.xnas,M5,Bid,392.37,392.75,391.63,391.82,674,7,0,MT5_PY_API_UNIX_SECONDS,UNRESOLVED_REQUIRES_MANUAL_BINDING
1776791100,1776791400,TSLA,TSLA.xnas,M5,Bid,391.84,392.99,391.81,392.65,560,5,0,MT5_PY_API_UNIX_SECONDS,UNRESOLVED_REQUIRES_MANUAL_BINDING
1776791400,1776791700,TSLA,TSLA.xnas,M5,Bid,392.58,393.36,392.17,392.86,603,5,0,MT5_PY_API_UNIX_SECONDS,UNRESOLVED_REQUIRES_MANUAL_BINDING
1776791700,1776792000,TSLA,TSLA.xnas,M5,Bid,392.85,393.9,391.08,391.19,687,5,0,MT5_PY_API_UNIX_SECONDS,UNRESOLVED_REQUIRES_MANUAL_BINDING
1776792000,1776792300,TSLA,TSLA.xnas,M5,Bid,391.21,391.69,390.59,391.34,680,6,0,MT5_PY_API_UNIX_SECONDS,UNRESOLVED_REQUIRES_MANUAL_BINDING
1776792300,1776792600,TSLA,TSLA.xnas,M5,Bid,391.32,392.57,391.1,392.2,607,6,0,MT5_PY_API_UNIX_SECONDS,UNRESOLVED_REQUIRES_MANUAL_BINDING
1776792600,1776792900,TSLA,TSLA.xnas,M5,Bid,392.14,393.14,391.99,392.66,608,6,0,MT5_PY_API_UNIX_SECONDS,UNRESOLVED_REQUIRES_MANUAL_BINDING
1776792900,1776793200,TSLA,TSLA.xnas,M5,Bid,392.67,392.95,391.41,391.41,589,7,0,MT5_PY_API_UNIX_SECONDS,UNRESOLVED_REQUIRES_MANUAL_BINDING
1776793200,1776793500,TSLA,TSLA.xnas,M5,Bid,391.41,392.55,391.12,391.84,533,5,0,MT5_PY_API_UNIX_SECONDS,UNRESOLVED_REQUIRES_MANUAL_BINDING
1776793500,1776793800,TSLA,TSLA.xnas,M5,Bid,391.86,391.92,390.67,390.93,562,7,0,MT5_PY_API_UNIX_SECONDS,UNRESOLVED_REQUIRES_MANUAL_BINDING
1776793800,1776794100,TSLA,TSLA.xnas,M5,Bid,390.95,392.17,390.45,391.86,568,6,0,MT5_PY_API_UNIX_SECONDS,UNRESOLVED_REQUIRES_MANUAL_BINDING
1776794100,1776794400,TSLA,TSLA.xnas,M5,Bid,391.81,391.81,389.73,390.23,647,6,0,MT5_PY_API_UNIX_SECONDS,UNRESOLVED_REQUIRES_MANUAL_BINDING
1776794400,1776794700,TSLA,TSLA.xnas,M5,Bid,390.31,390.9,388.34,388.59,773,7,0,MT5_PY_API_UNIX_SECONDS,UNRESOLVED_REQUIRES_MANUAL_BINDING
1776794700,1776795000,TSLA,TSLA.xnas,M5,Bid,388.58,390.08,387.63,389.86,851,7,0,MT5_PY_API_UNIX_SECONDS,UNRESOLVED_REQUIRES_MANUAL_BINDING
1776795000,1776795300,TSLA,TSLA.xnas,M5,Bid,389.68,391.65,389.68,391.13,689,7,0,MT5_PY_API_UNIX_SECONDS,UNRESOLVED_REQUIRES_MANUAL_BINDING
1776795300,1776795600,TSLA,TSLA.xnas,M5,Bid,391.27,392.46,390.86,392.25,623,8,0,MT5_PY_API_UNIX_SECONDS,UNRESOLVED_REQUIRES_MANUAL_BINDING
1776795600,1776795900,TSLA,TSLA.xnas,M5,Bid,392.25,392.58,391.27,391.38,567,6,0,MT5_PY_API_UNIX_SECONDS,UNRESOLVED_REQUIRES_MANUAL_BINDING
1776795900,1776796200,TSLA,TSLA.xnas,M5,Bid,391.39,391.39,389.97,390.43,623,7,0,MT5_PY_API_UNIX_SECONDS,UNRESOLVED_REQUIRES_MANUAL_BINDING
1776796200,1776796500,TSLA,TSLA.xnas,M5,Bid,390.34,391.23,390.23,390.4,551,6,0,MT5_PY_API_UNIX_SECONDS,UNRESOLVED_REQUIRES_MANUAL_BINDING
1776796500,1776796800,TSLA,TSLA.xnas,M5,Bid,390.45,390.52,389.1,390.26,591,6,0,MT5_PY_API_UNIX_SECONDS,UNRESOLVED_REQUIRES_MANUAL_BINDING
1776796800,1776797100,TSLA,TSLA.xnas,M5,Bid,390.24,390.44,389.77,390.08,441,7,0,MT5_PY_API_UNIX_SECONDS,UNRESOLVED_REQUIRES_MANUAL_BINDING
1776797100,1776797400,TSLA,TSLA.xnas,M5,Bid,390.08,390.87,389.99,390.04,545,7,0,MT5_PY_API_UNIX_SECONDS,UNRESOLVED_REQUIRES_MANUAL_BINDING
1776797400,1776797700,TSLA,TSLA.xnas,M5,Bid,390.03,390.06,388.85,389.08,496,6,0,MT5_PY_API_UNIX_SECONDS,UNRESOLVED_REQUIRES_MANUAL_BINDING
1776797700,1776798000,TSLA,TSLA.xnas,M5,Bid,389.06,389.75,388.96,389.63,540,7,0,MT5_PY_API_UNIX_SECONDS,UNRESOLVED_REQUIRES_MANUAL_BINDING
1776798000,1776798300,TSLA,TSLA.xnas,M5,Bid,389.61,390.44,389.27,389.37,536,8,0,MT5_PY_API_UNIX_SECONDS,UNRESOLVED_REQUIRES_MANUAL_BINDING
1776798300,1776798600,TSLA,TSLA.xnas,M5,Bid,389.37,390.25,389.28,390.09,514,8,0,MT5_PY_API_UNIX_SECONDS,UNRESOLVED_REQUIRES_MANUAL_BINDING
1776798600,1776798900,TSLA,TSLA.xnas,M5,Bid,390.09,390.09,389.36,389.73,372,6,0,MT5_PY_API_UNIX_SECONDS,UNRESOLVED_REQUIRES_MANUAL_BINDING
1776798900,1776799200,TSLA,TSLA.xnas,M5,Bid,389.72,390.0,389.42,389.45,347,7,0,MT5_PY_API_UNIX_SECONDS,UNRESOLVED_REQUIRES_MANUAL_BINDING
1776799200,1776799500,TSLA,TSLA.xnas,M5,Bid,389.46,389.46,388.51,388.61,465,6,0,MT5_PY_API_UNIX_SECONDS,UNRESOLVED_REQUIRES_MANUAL_BINDING
1776799500,1776799800,TSLA,TSLA.xnas,M5,Bid,388.69,388.74,387.99,388.29,421,7,0,MT5_PY_API_UNIX_SECONDS,UNRESOLVED_REQUIRES_MANUAL_BINDING
1776799800,1776800100,TSLA,TSLA.xnas,M5,Bid,388.27,389.07,388.27,389.06,457,7,0,MT5_PY_API_UNIX_SECONDS,UNRESOLVED_REQUIRES_MANUAL_BINDING
1776800100,1776800400,TSLA,TSLA.xnas,M5,Bid,389.05,389.49,388.37,388.69,461,6,0,MT5_PY_API_UNIX_SECONDS,UNRESOLVED_REQUIRES_MANUAL_BINDING
1776800400,1776800700,TSLA,TSLA.xnas,M5,Bid,388.76,388.97,387.35,387.75,473,7,0,MT5_PY_API_UNIX_SECONDS,UNRESOLVED_REQUIRES_MANUAL_BINDING
1776800700,1776801000,TSLA,TSLA.xnas,M5,Bid,387.69,389.14,387.69,389.01,416,7,0,MT5_PY_API_UNIX_SECONDS,UNRESOLVED_REQUIRES_MANUAL_BINDING
1776801000,1776801300,TSLA,TSLA.xnas,M5,Bid,388.95,389.25,388.51,388.65,419,5,0,MT5_PY_API_UNIX_SECONDS,UNRESOLVED_REQUIRES_MANUAL_BINDING
1776801300,1776801600,TSLA,TSLA.xnas,M5,Bid,388.63,388.7,387.82,387.98,469,7,0,MT5_PY_API_UNIX_SECONDS,UNRESOLVED_REQUIRES_MANUAL_BINDING
1776801600,1776801900,TSLA,TSLA.xnas,M5,Bid,387.96,389.11,387.91,388.88,470,5,0,MT5_PY_API_UNIX_SECONDS,UNRESOLVED_REQUIRES_MANUAL_BINDING
1776801900,1776802200,TSLA,TSLA.xnas,M5,Bid,388.87,388.9,386.9,387.77,640,10,0,MT5_PY_API_UNIX_SECONDS,UNRESOLVED_REQUIRES_MANUAL_BINDING
1776802200,1776802500,TSLA,TSLA.xnas,M5,Bid,387.5,387.75,386.18,387.05,609,7,0,MT5_PY_API_UNIX_SECONDS,UNRESOLVED_REQUIRES_MANUAL_BINDING
1776802500,1776802800,TSLA,TSLA.xnas,M5,Bid,387.09,387.16,385.5,385.66,606,6,0,MT5_PY_API_UNIX_SECONDS,UNRESOLVED_REQUIRES_MANUAL_BINDING
1776802800,1776803100,TSLA,TSLA.xnas,M5,Bid,385.7,386.06,385.17,385.63,653,7,0,MT5_PY_API_UNIX_SECONDS,UNRESOLVED_REQUIRES_MANUAL_BINDING
1776803100,1776803400,TSLA,TSLA.xnas,M5,Bid,385.63,386.36,385.29,385.79,513,7,0,MT5_PY_API_UNIX_SECONDS,UNRESOLVED_REQUIRES_MANUAL_BINDING
1776803400,1776803700,TSLA,TSLA.xnas,M5,Bid,385.82,386.7,385.79,386.4,591,6,0,MT5_PY_API_UNIX_SECONDS,UNRESOLVED_REQUIRES_MANUAL_BINDING
1776803700,1776804000,TSLA,TSLA.xnas,M5,Bid,386.4,387.76,386.25,387.32,543,6,0,MT5_PY_API_UNIX_SECONDS,UNRESOLVED_REQUIRES_MANUAL_BINDING
1776804000,1776804300,TSLA,TSLA.xnas,M5,Bid,387.34,388.7,387.22,388.16,688,10,0,MT5_PY_API_UNIX_SECONDS,UNRESOLVED_REQUIRES_MANUAL_BINDING
1776804300,1776804600,TSLA,TSLA.xnas,M5,Bid,388.19,388.46,387.77,388.37,516,9,0,MT5_PY_API_UNIX_SECONDS,UNRESOLVED_REQUIRES_MANUAL_BINDING
1776804600,1776804900,TSLA,TSLA.xnas,M5,Bid,388.25,388.74,387.78,387.97,482,6,0,MT5_PY_API_UNIX_SECONDS,UNRESOLVED_REQUIRES_MANUAL_BINDING
1776804900,1776805200,TSLA,TSLA.xnas,M5,Bid,387.86,388.41,387.5,388.34,391,7,0,MT5_PY_API_UNIX_SECONDS,UNRESOLVED_REQUIRES_MANUAL_BINDING
1776805200,1776805500,TSLA,TSLA.xnas,M5,Bid,388.37,389.25,388.3,388.37,501,7,0,MT5_PY_API_UNIX_SECONDS,UNRESOLVED_REQUIRES_MANUAL_BINDING
1776805500,1776805800,TSLA,TSLA.xnas,M5,Bid,388.33,389.23,388.09,388.89,401,7,0,MT5_PY_API_UNIX_SECONDS,UNRESOLVED_REQUIRES_MANUAL_BINDING
1776805800,1776806100,TSLA,TSLA.xnas,M5,Bid,388.85,389.48,388.74,389.37,378,6,0,MT5_PY_API_UNIX_SECONDS,UNRESOLVED_REQUIRES_MANUAL_BINDING
1776806100,1776806400,TSLA,TSLA.xnas,M5,Bid,389.37,390.04,388.1,388.79,553,6,0,MT5_PY_API_UNIX_SECONDS,UNRESOLVED_REQUIRES_MANUAL_BINDING
1776806400,1776806700,TSLA,TSLA.xnas,M5,Bid,388.73,389.52,388.63,389.22,364,7,0,MT5_PY_API_UNIX_SECONDS,UNRESOLVED_REQUIRES_MANUAL_BINDING
1776806700,1776807000,TSLA,TSLA.xnas,M5,Bid,389.22,389.63,388.8,388.94,319,7,0,MT5_PY_API_UNIX_SECONDS,UNRESOLVED_REQUIRES_MANUAL_BINDING
1776807000,1776807300,TSLA,TSLA.xnas,M5,Bid,388.92,389.76,388.92,389.57,349,5,0,MT5_PY_API_UNIX_SECONDS,UNRESOLVED_REQUIRES_MANUAL_BINDING
1776807300,1776807600,TSLA,TSLA.xnas,M5,Bid,389.59,389.59,388.5,388.9,355,6,0,MT5_PY_API_UNIX_SECONDS,UNRESOLVED_REQUIRES_MANUAL_BINDING
1776807600,1776807900,TSLA,TSLA.xnas,M5,Bid,388.91,389.28,388.55,388.71,319,5,0,MT5_PY_API_UNIX_SECONDS,UNRESOLVED_REQUIRES_MANUAL_BINDING
1776807900,1776808200,TSLA,TSLA.xnas,M5,Bid,388.67,388.82,388.02,388.06,365,7,0,MT5_PY_API_UNIX_SECONDS,UNRESOLVED_REQUIRES_MANUAL_BINDING
1776808200,1776808500,TSLA,TSLA.xnas,M5,Bid,388.07,389.45,387.77,389.07,444,5,0,MT5_PY_API_UNIX_SECONDS,UNRESOLVED_REQUIRES_MANUAL_BINDING
1776808500,1776808800,TSLA,TSLA.xnas,M5,Bid,389.05,389.63,388.21,388.66,538,6,0,MT5_PY_API_UNIX_SECONDS,UNRESOLVED_REQUIRES_MANUAL_BINDING
1776808800,1776809100,TSLA,TSLA.xnas,M5,Bid,388.77,389.25,388.53,388.94,433,6,0,MT5_PY_API_UNIX_SECONDS,UNRESOLVED_REQUIRES_MANUAL_BINDING
1776809100,1776809400,TSLA,TSLA.xnas,M5,Bid,388.95,389.27,388.73,388.96,365,6,0,MT5_PY_API_UNIX_SECONDS,UNRESOLVED_REQUIRES_MANUAL_BINDING
1776809400,1776809700,TSLA,TSLA.xnas,M5,Bid,388.93,389.93,388.5,388.82,444,7,0,MT5_PY_API_UNIX_SECONDS,UNRESOLVED_REQUIRES_MANUAL_BINDING
1776809700,1776810000,TSLA,TSLA.xnas,M5,Bid,388.83,389.66,388.25,389.54,433,7,0,MT5_PY_API_UNIX_SECONDS,UNRESOLVED_REQUIRES_MANUAL_BINDING
1776810000,1776810300,TSLA,TSLA.xnas,M5,Bid,389.57,390.52,389.52,389.98,483,7,0,MT5_PY_API_UNIX_SECONDS,UNRESOLVED_REQUIRES_MANUAL_BINDING
1776810300,1776810600,TSLA,TSLA.xnas,M5,Bid,389.97,390.38,389.71,389.99,382,7,0,MT5_PY_API_UNIX_SECONDS,UNRESOLVED_REQUIRES_MANUAL_BINDING
1776810600,1776810900,TSLA,TSLA.xnas,M5,Bid,389.99,390.27,389.49,389.56,373,5,0,MT5_PY_API_UNIX_SECONDS,UNRESOLVED_REQUIRES_MANUAL_BINDING
1776810900,1776811200,TSLA,TSLA.xnas,M5,Bid,389.49,389.51,387.98,388.33,537,6,0,MT5_PY_API_UNIX_SECONDS,UNRESOLVED_REQUIRES_MANUAL_BINDING
1776811200,1776811500,TSLA,TSLA.xnas,M5,Bid,388.35,389.14,385.79,386.16,733,7,0,MT5_PY_API_UNIX_SECONDS,UNRESOLVED_REQUIRES_MANUAL_BINDING
1776811500,1776811800,TSLA,TSLA.xnas,M5,Bid,386.16,387.06,385.79,386.75,623,7,0,MT5_PY_API_UNIX_SECONDS,UNRESOLVED_REQUIRES_MANUAL_BINDING
1776811800,1776812100,TSLA,TSLA.xnas,M5,Bid,386.85,387.28,386.01,386.72,629,7,0,MT5_PY_API_UNIX_SECONDS,UNRESOLVED_REQUIRES_MANUAL_BINDING
1776812100,1776812400,TSLA,TSLA.xnas,M5,Bid,386.42,387.17,386.02,386.03,798,6,0,MT5_PY_API_UNIX_SECONDS,UNRESOLVED_REQUIRES_MANUAL_BINDING
1776875400,1776875700,TSLA,TSLA.xnas,M5,Bid,385.44,389.79,385.44,387.94,616,10,0,MT5_PY_API_UNIX_SECONDS,UNRESOLVED_REQUIRES_MANUAL_BINDING
1776875700,1776876000,TSLA,TSLA.xnas,M5,Bid,387.83,389.05,387.08,388.47,632,6,0,MT5_PY_API_UNIX_SECONDS,UNRESOLVED_REQUIRES_MANUAL_BINDING
1776876000,1776876300,TSLA,TSLA.xnas,M5,Bid,388.45,390.92,388.22,390.41,691,6,0,MT5_PY_API_UNIX_SECONDS,UNRESOLVED_REQUIRES_MANUAL_BINDING
1776876300,1776876600,TSLA,TSLA.xnas,M5,Bid,390.49,390.49,388.57,389.3,616,6,0,MT5_PY_API_UNIX_SECONDS,UNRESOLVED_REQUIRES_MANUAL_BINDING
1776876600,1776876900,TSLA,TSLA.xnas,M5,Bid,389.3,392.44,388.82,392.35,652,6,0,MT5_PY_API_UNIX_SECONDS,UNRESOLVED_REQUIRES_MANUAL_BINDING
1776876900,1776877200,TSLA,TSLA.xnas,M5,Bid,392.43,392.43,390.53,390.82,576,6,0,MT5_PY_API_UNIX_SECONDS,UNRESOLVED_REQUIRES_MANUAL_BINDING
1776877200,1776877500,TSLA,TSLA.xnas,M5,Bid,390.81,391.9,390.42,391.06,555,7,0,MT5_PY_API_UNIX_SECONDS,UNRESOLVED_REQUIRES_MANUAL_BINDING
1776877500,1776877800,TSLA,TSLA.xnas,M5,Bid,391.08,392.16,390.42,391.86,493,6,0,MT5_PY_API_UNIX_SECONDS,UNRESOLVED_REQUIRES_MANUAL_BINDING
1776877800,1776878100,TSLA,TSLA.xnas,M5,Bid,391.86,392.27,390.76,392.09,482,6,0,MT5_PY_API_UNIX_SECONDS,UNRESOLVED_REQUIRES_MANUAL_BINDING
1776878100,1776878400,TSLA,TSLA.xnas,M5,Bid,392.07,392.58,391.67,392.05,506,7,0,MT5_PY_API_UNIX_SECONDS,UNRESOLVED_REQUIRES_MANUAL_BINDING
1776878400,1776878700,TSLA,TSLA.xnas,M5,Bid,392.09,392.15,390.97,391.42,453,7,0,MT5_PY_API_UNIX_SECONDS,UNRESOLVED_REQUIRES_MANUAL_BINDING
1776878700,1776879000,TSLA,TSLA.xnas,M5,Bid,391.42,392.66,391.42,392.53,508,7,0,MT5_PY_API_UNIX_SECONDS,UNRESOLVED_REQUIRES_MANUAL_BINDING
1776879000,1776879300,TSLA,TSLA.xnas,M5,Bid,392.51,392.92,391.19,391.62,513,7,0,MT5_PY_API_UNIX_SECONDS,UNRESOLVED_REQUIRES_MANUAL_BINDING
1776879300,1776879600,TSLA,TSLA.xnas,M5,Bid,391.6,391.72,390.71,391.43,428,8,0,MT5_PY_API_UNIX_SECONDS,UNRESOLVED_REQUIRES_MANUAL_BINDING
1776879600,1776879900,TSLA,TSLA.xnas,M5,Bid,391.43,391.97,390.47,390.63,404,7,0,MT5_PY_API_UNIX_SECONDS,UNRESOLVED_REQUIRES_MANUAL_BINDING
1776879900,1776880200,TSLA,TSLA.xnas,M5,Bid,390.59,390.62,389.97,390.57,447,5,0,MT5_PY_API_UNIX_SECONDS,UNRESOLVED_REQUIRES_MANUAL_BINDING
1776880200,1776880500,TSLA,TSLA.xnas,M5,Bid,390.58,391.15,390.27,391.07,471,5,0,MT5_PY_API_UNIX_SECONDS,UNRESOLVED_REQUIRES_MANUAL_BINDING
1776880500,1776880800,TSLA,TSLA.xnas,M5,Bid,391.09,391.46,390.63,391.26,357,6,0,MT5_PY_API_UNIX_SECONDS,UNRESOLVED_REQUIRES_MANUAL_BINDING
1776880800,1776881100,TSLA,TSLA.xnas,M5,Bid,391.25,391.4,390.01,390.27,362,5,0,MT5_PY_API_UNIX_SECONDS,UNRESOLVED_REQUIRES_MANUAL_BINDING
1776881100,1776881400,TSLA,TSLA.xnas,M5,Bid,390.33,391.47,389.75,391.27,443,6,0,MT5_PY_API_UNIX_SECONDS,UNRESOLVED_REQUIRES_MANUAL_BINDING
1776881400,1776881700,TSLA,TSLA.xnas,M5,Bid,391.34,391.72,390.79,391.0,393,6,0,MT5_PY_API_UNIX_SECONDS,UNRESOLVED_REQUIRES_MANUAL_BINDING
1776881700,1776882000,TSLA,TSLA.xnas,M5,Bid,391.0,391.3,390.4,390.76,364,6,0,MT5_PY_API_UNIX_SECONDS,UNRESOLVED_REQUIRES_MANUAL_BINDING
1776882000,1776882300,TSLA,TSLA.xnas,M5,Bid,390.74,390.83,390.17,390.48,344,7,0,MT5_PY_API_UNIX_SECONDS,UNRESOLVED_REQUIRES_MANUAL_BINDING
1776882300,1776882600,TSLA,TSLA.xnas,M5,Bid,390.48,390.57,389.04,389.56,441,7,0,MT5_PY_API_UNIX_SECONDS,UNRESOLVED_REQUIRES_MANUAL_BINDING
1776882600,1776882900,TSLA,TSLA.xnas,M5,Bid,389.58,390.79,389.54,390.4,404,5,0,MT5_PY_API_UNIX_SECONDS,UNRESOLVED_REQUIRES_MANUAL_BINDING
1776882900,1776883200,TSLA,TSLA.xnas,M5,Bid,390.4,390.77,390.16,390.42,343,7,0,MT5_PY_API_UNIX_SECONDS,UNRESOLVED_REQUIRES_MANUAL_BINDING
1776883200,1776883500,TSLA,TSLA.xnas,M5,Bid,390.42,390.98,389.88,390.22,358,6,0,MT5_PY_API_UNIX_SECONDS,UNRESOLVED_REQUIRES_MANUAL_BINDING
1776883500,1776883800,TSLA,TSLA.xnas,M5,Bid,390.2,391.01,390.2,390.71,377,6,0,MT5_PY_API_UNIX_SECONDS,UNRESOLVED_REQUIRES_MANUAL_BINDING
1776883800,1776884100,TSLA,TSLA.xnas,M5,Bid,390.72,390.72,389.97,390.48,326,7,0,MT5_PY_API_UNIX_SECONDS,UNRESOLVED_REQUIRES_MANUAL_BINDING
1776884100,1776884400,TSLA,TSLA.xnas,M5,Bid,390.48,391.47,390.48,390.73,379,6,0,MT5_PY_API_UNIX_SECONDS,UNRESOLVED_REQUIRES_MANUAL_BINDING
1776884400,1776884700,TSLA,TSLA.xnas,M5,Bid,390.82,391.07,390.3,390.93,403,7,0,MT5_PY_API_UNIX_SECONDS,UNRESOLVED_REQUIRES_MANUAL_BINDING
1776884700,1776885000,TSLA,TSLA.xnas,M5,Bid,390.95,391.31,390.67,390.97,297,6,0,MT5_PY_API_UNIX_SECONDS,UNRESOLVED_REQUIRES_MANUAL_BINDING
1776885000,1776885300,TSLA,TSLA.xnas,M5,Bid,390.99,391.1,389.91,390.55,390,6,0,MT5_PY_API_UNIX_SECONDS,UNRESOLVED_REQUIRES_MANUAL_BINDING
1776885300,1776885600,TSLA,TSLA.xnas,M5,Bid,390.57,390.64,389.93,389.97,377,6,0,MT5_PY_API_UNIX_SECONDS,UNRESOLVED_REQUIRES_MANUAL_BINDING
1776885600,1776885900,TSLA,TSLA.xnas,M5,Bid,389.97,390.12,389.72,389.74,343,5,0,MT5_PY_API_UNIX_SECONDS,UNRESOLVED_REQUIRES_MANUAL_BINDING
1776885900,1776886200,TSLA,TSLA.xnas,M5,Bid,389.75,390.41,389.65,389.8,352,5,0,MT5_PY_API_UNIX_SECONDS,UNRESOLVED_REQUIRES_MANUAL_BINDING
1776886200,1776886500,TSLA,TSLA.xnas,M5,Bid,389.82,390.25,389.34,389.89,391,6,0,MT5_PY_API_UNIX_SECONDS,UNRESOLVED_REQUIRES_MANUAL_BINDING
1776886500,1776886800,TSLA,TSLA.xnas,M5,Bid,389.95,390.27,389.68,390.13,354,6,0,MT5_PY_API_UNIX_SECONDS,UNRESOLVED_REQUIRES_MANUAL_BINDING
1776886800,1776887100,TSLA,TSLA.xnas,M5,Bid,390.15,390.47,389.62,389.9,416,6,0,MT5_PY_API_UNIX_SECONDS,UNRESOLVED_REQUIRES_MANUAL_BINDING
1776887100,1776887400,TSLA,TSLA.xnas,M5,Bid,389.9,389.95,389.29,389.8,463,5,0,MT5_PY_API_UNIX_SECONDS,UNRESOLVED_REQUIRES_MANUAL_BINDING
1776887400,1776887700,TSLA,TSLA.xnas,M5,Bid,389.77,389.79,388.78,389.23,397,6,0,MT5_PY_API_UNIX_SECONDS,UNRESOLVED_REQUIRES_MANUAL_BINDING
1776887700,1776888000,TSLA,TSLA.xnas,M5,Bid,389.15,389.45,388.57,388.86,417,6,0,MT5_PY_API_UNIX_SECONDS,UNRESOLVED_REQUIRES_MANUAL_BINDING
1776888000,1776888300,TSLA,TSLA.xnas,M5,Bid,388.89,389.52,388.61,389.39,475,5,0,MT5_PY_API_UNIX_SECONDS,UNRESOLVED_REQUIRES_MANUAL_BINDING
1776888300,1776888600,TSLA,TSLA.xnas,M5,Bid,389.39,390.01,389.12,390.01,394,6,0,MT5_PY_API_UNIX_SECONDS,UNRESOLVED_REQUIRES_MANUAL_BINDING
1776888600,1776888900,TSLA,TSLA.xnas,M5,Bid,390.01,390.58,389.92,390.16,474,6,0,MT5_PY_API_UNIX_SECONDS,UNRESOLVED_REQUIRES_MANUAL_BINDING
1776888900,1776889200,TSLA,TSLA.xnas,M5,Bid,390.11,390.67,389.75,390.11,409,5,0,MT5_PY_API_UNIX_SECONDS,UNRESOLVED_REQUIRES_MANUAL_BINDING
1776889200,1776889500,TSLA,TSLA.xnas,M5,Bid,390.11,390.77,389.94,390.46,430,6,0,MT5_PY_API_UNIX_SECONDS,UNRESOLVED_REQUIRES_MANUAL_BINDING
1776889500,1776889800,TSLA,TSLA.xnas,M5,Bid,390.39,390.76,390.16,390.4,346,7,0,MT5_PY_API_UNIX_SECONDS,UNRESOLVED_REQUIRES_MANUAL_BINDING
1776889800,1776890100,TSLA,TSLA.xnas,M5,Bid,390.38,390.69,389.83,389.83,379,6,0,MT5_PY_API_UNIX_SECONDS,UNRESOLVED_REQUIRES_MANUAL_BINDING
1776890100,1776890400,TSLA,TSLA.xnas,M5,Bid,389.85,390.08,389.39,389.61,335,6,0,MT5_PY_API_UNIX_SECONDS,UNRESOLVED_REQUIRES_MANUAL_BINDING
1776890400,1776890700,TSLA,TSLA.xnas,M5,Bid,389.59,389.61,389.07,389.46,353,6,0,MT5_PY_API_UNIX_SECONDS,UNRESOLVED_REQUIRES_MANUAL_BINDING
1776890700,1776891000,TSLA,TSLA.xnas,M5,Bid,389.52,389.54,388.79,389.4,386,7,0,MT5_PY_API_UNIX_SECONDS,UNRESOLVED_REQUIRES_MANUAL_BINDING
1776891000,1776891300,TSLA,TSLA.xnas,M5,Bid,389.43,389.58,389.02,389.1,274,6,0,MT5_PY_API_UNIX_SECONDS,UNRESOLVED_REQUIRES_MANUAL_BINDING
1776891300,1776891600,TSLA,TSLA.xnas,M5,Bid,389.1,389.3,388.77,388.99,334,5,0,MT5_PY_API_UNIX_SECONDS,UNRESOLVED_REQUIRES_MANUAL_BINDING
1776891600,1776891900,TSLA,TSLA.xnas,M5,Bid,388.99,389.14,388.77,389.01,325,6,0,MT5_PY_API_UNIX_SECONDS,UNRESOLVED_REQUIRES_MANUAL_BINDING
1776891900,1776892200,TSLA,TSLA.xnas,M5,Bid,388.99,389.33,388.78,389.0,346,6,0,MT5_PY_API_UNIX_SECONDS,UNRESOLVED_REQUIRES_MANUAL_BINDING
1776892200,1776892500,TSLA,TSLA.xnas,M5,Bid,389.02,389.33,388.92,389.25,234,6,0,MT5_PY_API_UNIX_SECONDS,UNRESOLVED_REQUIRES_MANUAL_BINDING
1776892500,1776892800,TSLA,TSLA.xnas,M5,Bid,389.2,389.52,388.93,389.14,361,5,0,MT5_PY_API_UNIX_SECONDS,UNRESOLVED_REQUIRES_MANUAL_BINDING
1776892800,1776893100,TSLA,TSLA.xnas,M5,Bid,389.1,389.14,388.28,388.72,335,6,0,MT5_PY_API_UNIX_SECONDS,UNRESOLVED_REQUIRES_MANUAL_BINDING
1776893100,1776893400,TSLA,TSLA.xnas,M5,Bid,388.71,388.92,388.28,388.34,284,6,0,MT5_PY_API_UNIX_SECONDS,UNRESOLVED_REQUIRES_MANUAL_BINDING
1776893400,1776893700,TSLA,TSLA.xnas,M5,Bid,388.36,388.95,388.24,388.53,388,5,0,MT5_PY_API_UNIX_SECONDS,UNRESOLVED_REQUIRES_MANUAL_BINDING
1776893700,1776894000,TSLA,TSLA.xnas,M5,Bid,388.53,388.6,388.18,388.57,327,5,0,MT5_PY_API_UNIX_SECONDS,UNRESOLVED_REQUIRES_MANUAL_BINDING
1776894000,1776894300,TSLA,TSLA.xnas,M5,Bid,388.59,388.85,388.47,388.58,280,5,0,MT5_PY_API_UNIX_SECONDS,UNRESOLVED_REQUIRES_MANUAL_BINDING
1776894300,1776894600,TSLA,TSLA.xnas,M5,Bid,388.57,388.78,388.31,388.5,287,5,0,MT5_PY_API_UNIX_SECONDS,UNRESOLVED_REQUIRES_MANUAL_BINDING
1776894600,1776894900,TSLA,TSLA.xnas,M5,Bid,388.52,388.98,388.27,388.27,260,6,0,MT5_PY_API_UNIX_SECONDS,UNRESOLVED_REQUIRES_MANUAL_BINDING
1776894900,1776895200,TSLA,TSLA.xnas,M5,Bid,388.28,388.29,387.71,387.93,417,5,0,MT5_PY_API_UNIX_SECONDS,UNRESOLVED_REQUIRES_MANUAL_BINDING
1776895200,1776895500,TSLA,TSLA.xnas,M5,Bid,387.98,388.03,387.37,387.69,430,7,0,MT5_PY_API_UNIX_SECONDS,UNRESOLVED_REQUIRES_MANUAL_BINDING
1776895500,1776895800,TSLA,TSLA.xnas,M5,Bid,387.71,388.55,387.47,388.55,397,6,0,MT5_PY_API_UNIX_SECONDS,UNRESOLVED_REQUIRES_MANUAL_BINDING
1776895800,1776896100,TSLA,TSLA.xnas,M5,Bid,388.57,388.72,388.24,388.42,441,5,0,MT5_PY_API_UNIX_SECONDS,UNRESOLVED_REQUIRES_MANUAL_BINDING
1776896100,1776896400,TSLA,TSLA.xnas,M5,Bid,388.44,388.81,388.27,388.6,461,6,0,MT5_PY_API_UNIX_SECONDS,UNRESOLVED_REQUIRES_MANUAL_BINDING
1776896400,1776896700,TSLA,TSLA.xnas,M5,Bid,388.65,389.58,388.6,389.24,518,6,0,MT5_PY_API_UNIX_SECONDS,UNRESOLVED_REQUIRES_MANUAL_BINDING
1776896700,1776897000,TSLA,TSLA.xnas,M5,Bid,389.25,389.53,389.08,389.17,466,5,0,MT5_PY_API_UNIX_SECONDS,UNRESOLVED_REQUIRES_MANUAL_BINDING
1776897000,1776897300,TSLA,TSLA.xnas,M5,Bid,389.13,389.7,388.89,388.89,450,7,0,MT5_PY_API_UNIX_SECONDS,UNRESOLVED_REQUIRES_MANUAL_BINDING
1776897300,1776897600,TSLA,TSLA.xnas,M5,Bid,388.83,388.96,388.1,388.82,401,5,0,MT5_PY_API_UNIX_SECONDS,UNRESOLVED_REQUIRES_MANUAL_BINDING
1776897600,1776897900,TSLA,TSLA.xnas,M5,Bid,388.85,389.18,387.97,387.97,388,5,0,MT5_PY_API_UNIX_SECONDS,UNRESOLVED_REQUIRES_MANUAL_BINDING
1776897900,1776898200,TSLA,TSLA.xnas,M5,Bid,387.99,388.09,387.37,387.58,536,6,0,MT5_PY_API_UNIX_SECONDS,UNRESOLVED_REQUIRES_MANUAL_BINDING
1776898200,1776898500,TSLA,TSLA.xnas,M5,Bid,387.66,388.44,386.88,387.73,707,6,0,MT5_PY_API_UNIX_SECONDS,UNRESOLVED_REQUIRES_MANUAL_BINDING
1776898500,1776898800,TSLA,TSLA.xnas,M5,Bid,387.79,388.02,386.74,387.47,727,5,0,MT5_PY_API_UNIX_SECONDS,UNRESOLVED_REQUIRES_MANUAL_BINDING
1776961800,1776962100,TSLA,TSLA.xnas,M5,Bid,372.09,379.52,371.38,379.06,1044,8,0,MT5_PY_API_UNIX_SECONDS,UNRESOLVED_REQUIRES_MANUAL_BINDING
1776962100,1776962400,TSLA,TSLA.xnas,M5,Bid,378.85,383.97,378.69,383.8,1098,7,0,MT5_PY_API_UNIX_SECONDS,UNRESOLVED_REQUIRES_MANUAL_BINDING
1776962400,1776962700,TSLA,TSLA.xnas,M5,Bid,383.71,385.22,378.61,379.72,1052,7,0,MT5_PY_API_UNIX_SECONDS,UNRESOLVED_REQUIRES_MANUAL_BINDING
1776962700,1776963000,TSLA,TSLA.xnas,M5,Bid,379.7,382.8,378.0,379.44,1023,6,0,MT5_PY_API_UNIX_SECONDS,UNRESOLVED_REQUIRES_MANUAL_BINDING
1776963000,1776963300,TSLA,TSLA.xnas,M5,Bid,379.41,379.41,375.97,376.65,1014,9,0,MT5_PY_API_UNIX_SECONDS,UNRESOLVED_REQUIRES_MANUAL_BINDING
1776963300,1776963600,TSLA,TSLA.xnas,M5,Bid,376.66,377.02,371.92,372.32,961,7,0,MT5_PY_API_UNIX_SECONDS,UNRESOLVED_REQUIRES_MANUAL_BINDING
1776963600,1776963900,TSLA,TSLA.xnas,M5,Bid,372.34,375.51,371.68,374.66,1052,7,0,MT5_PY_API_UNIX_SECONDS,UNRESOLVED_REQUIRES_MANUAL_BINDING
1776963900,1776964200,TSLA,TSLA.xnas,M5,Bid,374.66,375.43,373.98,374.91,867,6,0,MT5_PY_API_UNIX_SECONDS,UNRESOLVED_REQUIRES_MANUAL_BINDING
1776964200,1776964500,TSLA,TSLA.xnas,M5,Bid,374.88,375.17,370.51,370.54,957,6,0,MT5_PY_API_UNIX_SECONDS,UNRESOLVED_REQUIRES_MANUAL_BINDING
1776964500,1776964800,TSLA,TSLA.xnas,M5,Bid,370.71,371.83,369.39,369.54,993,6,0,MT5_PY_API_UNIX_SECONDS,UNRESOLVED_REQUIRES_MANUAL_BINDING
1776964800,1776965100,TSLA,TSLA.xnas,M5,Bid,369.54,370.57,368.98,370.53,1030,5,0,MT5_PY_API_UNIX_SECONDS,UNRESOLVED_REQUIRES_MANUAL_BINDING
1776965100,1776965400,TSLA,TSLA.xnas,M5,Bid,370.55,370.71,368.33,369.04,967,6,0,MT5_PY_API_UNIX_SECONDS,UNRESOLVED_REQUIRES_MANUAL_BINDING
1776965400,1776965700,TSLA,TSLA.xnas,M5,Bid,369.02,371.85,368.7,371.7,990,6,0,MT5_PY_API_UNIX_SECONDS,UNRESOLVED_REQUIRES_MANUAL_BINDING
1776965700,1776966000,TSLA,TSLA.xnas,M5,Bid,371.63,373.01,371.62,372.71,896,6,0,MT5_PY_API_UNIX_SECONDS,UNRESOLVED_REQUIRES_MANUAL_BINDING
1776966000,1776966300,TSLA,TSLA.xnas,M5,Bid,372.7,373.65,371.38,373.59,873,6,0,MT5_PY_API_UNIX_SECONDS,UNRESOLVED_REQUIRES_MANUAL_BINDING
1776966300,1776966600,TSLA,TSLA.xnas,M5,Bid,373.53,374.91,373.52,374.22,757,6,0,MT5_PY_API_UNIX_SECONDS,UNRESOLVED_REQUIRES_MANUAL_BINDING
1776966600,1776966900,TSLA,TSLA.xnas,M5,Bid,374.22,374.85,373.66,374.52,708,6,0,MT5_PY_API_UNIX_SECONDS,UNRESOLVED_REQUIRES_MANUAL_BINDING
1776966900,1776967200,TSLA,TSLA.xnas,M5,Bid,374.54,376.48,374.09,375.99,766,6,0,MT5_PY_API_UNIX_SECONDS,UNRESOLVED_REQUIRES_MANUAL_BINDING
1776967200,1776967500,TSLA,TSLA.xnas,M5,Bid,376.0,376.73,375.4,376.24,756,7,0,MT5_PY_API_UNIX_SECONDS,UNRESOLVED_REQUIRES_MANUAL_BINDING
1776967500,1776967800,TSLA,TSLA.xnas,M5,Bid,376.27,376.74,375.74,376.61,711,7,0,MT5_PY_API_UNIX_SECONDS,UNRESOLVED_REQUIRES_MANUAL_BINDING
1776967800,1776968100,TSLA,TSLA.xnas,M5,Bid,376.62,377.27,376.03,376.22,633,6,0,MT5_PY_API_UNIX_SECONDS,UNRESOLVED_REQUIRES_MANUAL_BINDING
1776968100,1776968400,TSLA,TSLA.xnas,M5,Bid,376.25,376.8,375.32,376.73,579,6,0,MT5_PY_API_UNIX_SECONDS,UNRESOLVED_REQUIRES_MANUAL_BINDING
1776968400,1776968700,TSLA,TSLA.xnas,M5,Bid,376.71,378.63,376.24,377.82,686,5,0,MT5_PY_API_UNIX_SECONDS,UNRESOLVED_REQUIRES_MANUAL_BINDING
1776968700,1776969000,TSLA,TSLA.xnas,M5,Bid,377.83,378.28,377.1,377.41,603,6,0,MT5_PY_API_UNIX_SECONDS,UNRESOLVED_REQUIRES_MANUAL_BINDING
1776969000,1776969300,TSLA,TSLA.xnas,M5,Bid,377.43,377.92,377.03,377.63,605,7,0,MT5_PY_API_UNIX_SECONDS,UNRESOLVED_REQUIRES_MANUAL_BINDING
1776969300,1776969600,TSLA,TSLA.xnas,M5,Bid,377.62,378.15,376.84,377.98,560,5,0,MT5_PY_API_UNIX_SECONDS,UNRESOLVED_REQUIRES_MANUAL_BINDING
1776969600,1776969900,TSLA,TSLA.xnas,M5,Bid,378.0,378.88,377.67,378.35,517,7,0,MT5_PY_API_UNIX_SECONDS,UNRESOLVED_REQUIRES_MANUAL_BINDING
1776969900,1776970200,TSLA,TSLA.xnas,M5,Bid,378.35,379.12,377.69,378.41,814,7,0,MT5_PY_API_UNIX_SECONDS,UNRESOLVED_REQUIRES_MANUAL_BINDING
1776970200,1776970500,TSLA,TSLA.xnas,M5,Bid,378.43,379.75,378.41,379.25,696,7,0,MT5_PY_API_UNIX_SECONDS,UNRESOLVED_REQUIRES_MANUAL_BINDING
1776970500,1776970800,TSLA,TSLA.xnas,M5,Bid,379.17,380.85,379.05,380.79,932,7,0,MT5_PY_API_UNIX_SECONDS,UNRESOLVED_REQUIRES_MANUAL_BINDING
1776970800,1776971100,TSLA,TSLA.xnas,M5,Bid,380.74,380.88,379.33,379.33,717,7,0,MT5_PY_API_UNIX_SECONDS,UNRESOLVED_REQUIRES_MANUAL_BINDING
1776971100,1776971400,TSLA,TSLA.xnas,M5,Bid,379.4,379.78,376.77,376.84,769,6,0,MT5_PY_API_UNIX_SECONDS,UNRESOLVED_REQUIRES_MANUAL_BINDING
1776971400,1776971700,TSLA,TSLA.xnas,M5,Bid,376.8,379.03,376.69,378.93,766,7,0,MT5_PY_API_UNIX_SECONDS,UNRESOLVED_REQUIRES_MANUAL_BINDING
1776971700,1776972000,TSLA,TSLA.xnas,M5,Bid,378.93,379.79,378.67,379.21,554,6,0,MT5_PY_API_UNIX_SECONDS,UNRESOLVED_REQUIRES_MANUAL_BINDING
1776972000,1776972300,TSLA,TSLA.xnas,M5,Bid,379.22,379.27,377.69,378.33,605,6,0,MT5_PY_API_UNIX_SECONDS,UNRESOLVED_REQUIRES_MANUAL_BINDING
1776972300,1776972600,TSLA,TSLA.xnas,M5,Bid,378.33,379.3,378.24,379.22,505,5,0,MT5_PY_API_UNIX_SECONDS,UNRESOLVED_REQUIRES_MANUAL_BINDING
1776972600,1776972900,TSLA,TSLA.xnas,M5,Bid,379.21,380.79,378.89,380.56,580,6,0,MT5_PY_API_UNIX_SECONDS,UNRESOLVED_REQUIRES_MANUAL_BINDING
1776972900,1776973200,TSLA,TSLA.xnas,M5,Bid,380.58,380.85,379.97,380.28,481,5,0,MT5_PY_API_UNIX_SECONDS,UNRESOLVED_REQUIRES_MANUAL_BINDING
1776973200,1776973500,TSLA,TSLA.xnas,M5,Bid,380.26,380.39,377.67,377.79,565,7,0,MT5_PY_API_UNIX_SECONDS,UNRESOLVED_REQUIRES_MANUAL_BINDING
1776973500,1776973800,TSLA,TSLA.xnas,M5,Bid,377.73,377.97,376.76,377.14,588,5,0,MT5_PY_API_UNIX_SECONDS,UNRESOLVED_REQUIRES_MANUAL_BINDING
1776973800,1776974100,TSLA,TSLA.xnas,M5,Bid,377.06,377.13,375.77,376.33,656,6,0,MT5_PY_API_UNIX_SECONDS,UNRESOLVED_REQUIRES_MANUAL_BINDING
1776974100,1776974400,TSLA,TSLA.xnas,M5,Bid,376.31,377.51,376.22,376.79,611,5,0,MT5_PY_API_UNIX_SECONDS,UNRESOLVED_REQUIRES_MANUAL_BINDING
1776974400,1776974700,TSLA,TSLA.xnas,M5,Bid,376.77,377.08,374.62,374.99,833,7,0,MT5_PY_API_UNIX_SECONDS,UNRESOLVED_REQUIRES_MANUAL_BINDING
1776974700,1776975000,TSLA,TSLA.xnas,M5,Bid,374.94,375.99,374.16,374.24,678,7,0,MT5_PY_API_UNIX_SECONDS,UNRESOLVED_REQUIRES_MANUAL_BINDING
1776975000,1776975300,TSLA,TSLA.xnas,M5,Bid,374.22,374.57,373.62,374.14,782,6,0,MT5_PY_API_UNIX_SECONDS,UNRESOLVED_REQUIRES_MANUAL_BINDING
1776975300,1776975600,TSLA,TSLA.xnas,M5,Bid,374.16,374.3,372.39,372.83,871,6,0,MT5_PY_API_UNIX_SECONDS,UNRESOLVED_REQUIRES_MANUAL_BINDING
1776975600,1776975900,TSLA,TSLA.xnas,M5,Bid,372.89,373.07,372.27,372.52,804,7,0,MT5_PY_API_UNIX_SECONDS,UNRESOLVED_REQUIRES_MANUAL_BINDING
1776975900,1776976200,TSLA,TSLA.xnas,M5,Bid,372.52,373.47,372.04,372.65,815,6,0,MT5_PY_API_UNIX_SECONDS,UNRESOLVED_REQUIRES_MANUAL_BINDING
1776976200,1776976500,TSLA,TSLA.xnas,M5,Bid,372.88,374.37,372.28,374.21,715,9,0,MT5_PY_API_UNIX_SECONDS,UNRESOLVED_REQUIRES_MANUAL_BINDING
1776976500,1776976800,TSLA,TSLA.xnas,M5,Bid,374.23,374.76,372.49,372.56,780,7,0,MT5_PY_API_UNIX_SECONDS,UNRESOLVED_REQUIRES_MANUAL_BINDING
1776976800,1776977100,TSLA,TSLA.xnas,M5,Bid,372.56,372.66,370.78,371.0,900,5,0,MT5_PY_API_UNIX_SECONDS,UNRESOLVED_REQUIRES_MANUAL_BINDING
1776977100,1776977400,TSLA,TSLA.xnas,M5,Bid,371.07,371.8,369.73,371.43,1028,6,0,MT5_PY_API_UNIX_SECONDS,UNRESOLVED_REQUIRES_MANUAL_BINDING
1776977400,1776977700,TSLA,TSLA.xnas,M5,Bid,371.43,374.29,370.71,373.1,977,6,0,MT5_PY_API_UNIX_SECONDS,UNRESOLVED_REQUIRES_MANUAL_BINDING
1776977700,1776978000,TSLA,TSLA.xnas,M5,Bid,373.1,374.21,372.65,373.52,890,7,0,MT5_PY_API_UNIX_SECONDS,UNRESOLVED_REQUIRES_MANUAL_BINDING
1776978000,1776978300,TSLA,TSLA.xnas,M5,Bid,373.48,374.91,373.23,374.19,763,8,0,MT5_PY_API_UNIX_SECONDS,UNRESOLVED_REQUIRES_MANUAL_BINDING
1776978300,1776978600,TSLA,TSLA.xnas,M5,Bid,374.19,374.57,373.48,373.93,774,7,0,MT5_PY_API_UNIX_SECONDS,UNRESOLVED_REQUIRES_MANUAL_BINDING
1776978600,1776978900,TSLA,TSLA.xnas,M5,Bid,373.97,374.86,373.77,373.97,633,6,0,MT5_PY_API_UNIX_SECONDS,UNRESOLVED_REQUIRES_MANUAL_BINDING
1776978900,1776979200,TSLA,TSLA.xnas,M5,Bid,374.15,374.24,372.98,373.46,721,6,0,MT5_PY_API_UNIX_SECONDS,UNRESOLVED_REQUIRES_MANUAL_BINDING
1776979200,1776979500,TSLA,TSLA.xnas,M5,Bid,373.46,374.28,373.27,373.66,634,7,0,MT5_PY_API_UNIX_SECONDS,UNRESOLVED_REQUIRES_MANUAL_BINDING
1776979500,1776979800,TSLA,TSLA.xnas,M5,Bid,373.72,374.13,373.37,374.04,494,7,0,MT5_PY_API_UNIX_SECONDS,UNRESOLVED_REQUIRES_MANUAL_BINDING
1776979800,1776980100,TSLA,TSLA.xnas,M5,Bid,374.05,374.74,374.0,374.66,503,6,0,MT5_PY_API_UNIX_SECONDS,UNRESOLVED_REQUIRES_MANUAL_BINDING
1776980100,1776980400,TSLA,TSLA.xnas,M5,Bid,374.66,375.1,374.4,374.56,569,5,0,MT5_PY_API_UNIX_SECONDS,UNRESOLVED_REQUIRES_MANUAL_BINDING
1776980400,1776980700,TSLA,TSLA.xnas,M5,Bid,374.61,374.81,374.17,374.31,532,6,0,MT5_PY_API_UNIX_SECONDS,UNRESOLVED_REQUIRES_MANUAL_BINDING
1776980700,1776981000,TSLA,TSLA.xnas,M5,Bid,374.31,374.46,372.67,372.69,579,7,0,MT5_PY_API_UNIX_SECONDS,UNRESOLVED_REQUIRES_MANUAL_BINDING
1776981000,1776981300,TSLA,TSLA.xnas,M5,Bid,372.66,373.58,372.3,373.2,632,7,0,MT5_PY_API_UNIX_SECONDS,UNRESOLVED_REQUIRES_MANUAL_BINDING
1776981300,1776981600,TSLA,TSLA.xnas,M5,Bid,373.19,373.22,371.57,371.86,526,6,0,MT5_PY_API_UNIX_SECONDS,UNRESOLVED_REQUIRES_MANUAL_BINDING
1776981600,1776981900,TSLA,TSLA.xnas,M5,Bid,371.84,372.86,371.74,372.59,677,5,0,MT5_PY_API_UNIX_SECONDS,UNRESOLVED_REQUIRES_MANUAL_BINDING
1776981900,1776982200,TSLA,TSLA.xnas,M5,Bid,372.61,373.84,372.61,373.32,746,5,0,MT5_PY_API_UNIX_SECONDS,UNRESOLVED_REQUIRES_MANUAL_BINDING
1776982200,1776982500,TSLA,TSLA.xnas,M5,Bid,373.32,373.73,373.07,373.69,831,6,0,MT5_PY_API_UNIX_SECONDS,UNRESOLVED_REQUIRES_MANUAL_BINDING
1776982500,1776982800,TSLA,TSLA.xnas,M5,Bid,373.67,374.06,373.23,373.25,694,6,0,MT5_PY_API_UNIX_SECONDS,UNRESOLVED_REQUIRES_MANUAL_BINDING
1776982800,1776983100,TSLA,TSLA.xnas,M5,Bid,373.25,373.61,372.78,373.38,660,5,0,MT5_PY_API_UNIX_SECONDS,UNRESOLVED_REQUIRES_MANUAL_BINDING
1776983100,1776983400,TSLA,TSLA.xnas,M5,Bid,373.38,374.15,373.37,373.91,648,5,0,MT5_PY_API_UNIX_SECONDS,UNRESOLVED_REQUIRES_MANUAL_BINDING
1776983400,1776983700,TSLA,TSLA.xnas,M5,Bid,373.89,374.2,372.91,373.03,712,5,0,MT5_PY_API_UNIX_SECONDS,UNRESOLVED_REQUIRES_MANUAL_BINDING
1776983700,1776984000,TSLA,TSLA.xnas,M5,Bid,373.02,373.19,372.31,372.82,718,6,0,MT5_PY_API_UNIX_SECONDS,UNRESOLVED_REQUIRES_MANUAL_BINDING
1776984000,1776984300,TSLA,TSLA.xnas,M5,Bid,372.84,373.05,372.29,372.51,643,6,0,MT5_PY_API_UNIX_SECONDS,UNRESOLVED_REQUIRES_MANUAL_BINDING
1776984300,1776984600,TSLA,TSLA.xnas,M5,Bid,372.53,374.13,372.5,374.13,697,5,0,MT5_PY_API_UNIX_SECONDS,UNRESOLVED_REQUIRES_MANUAL_BINDING
1776984600,1776984900,TSLA,TSLA.xnas,M5,Bid,374.13,374.13,372.58,373.52,995,5,0,MT5_PY_API_UNIX_SECONDS,UNRESOLVED_REQUIRES_MANUAL_BINDING
1776984900,1776985200,TSLA,TSLA.xnas,M5,Bid,373.51,374.17,373.36,373.77,891,5,0,MT5_PY_API_UNIX_SECONDS,UNRESOLVED_REQUIRES_MANUAL_BINDING
1777048200,1777048500,TSLA,TSLA.xnas,M5,Bid,371.99,377.4,371.97,376.67,829,8,0,MT5_PY_API_UNIX_SECONDS,UNRESOLVED_REQUIRES_MANUAL_BINDING
1777048500,1777048800,TSLA,TSLA.xnas,M5,Bid,376.73,381.97,376.73,380.1,1124,6,0,MT5_PY_API_UNIX_SECONDS,UNRESOLVED_REQUIRES_MANUAL_BINDING
1777048800,1777049100,TSLA,TSLA.xnas,M5,Bid,380.04,380.17,378.11,379.47,887,5,0,MT5_PY_API_UNIX_SECONDS,UNRESOLVED_REQUIRES_MANUAL_BINDING
1777049100,1777049400,TSLA,TSLA.xnas,M5,Bid,379.5,382.54,379.48,382.16,1013,5,0,MT5_PY_API_UNIX_SECONDS,UNRESOLVED_REQUIRES_MANUAL_BINDING
1777049400,1777049700,TSLA,TSLA.xnas,M5,Bid,382.13,382.63,378.75,379.21,890,5,0,MT5_PY_API_UNIX_SECONDS,UNRESOLVED_REQUIRES_MANUAL_BINDING
1777049700,1777050000,TSLA,TSLA.xnas,M5,Bid,379.21,379.21,374.91,375.0,1014,5,0,MT5_PY_API_UNIX_SECONDS,UNRESOLVED_REQUIRES_MANUAL_BINDING
1777050000,1777050300,TSLA,TSLA.xnas,M5,Bid,374.95,375.16,372.62,372.64,1031,7,0,MT5_PY_API_UNIX_SECONDS,UNRESOLVED_REQUIRES_MANUAL_BINDING
1777050300,1777050600,TSLA,TSLA.xnas,M5,Bid,372.64,375.17,372.19,374.83,1042,7,0,MT5_PY_API_UNIX_SECONDS,UNRESOLVED_REQUIRES_MANUAL_BINDING
1777050600,1777050900,TSLA,TSLA.xnas,M5,Bid,374.83,376.36,374.45,374.95,980,5,0,MT5_PY_API_UNIX_SECONDS,UNRESOLVED_REQUIRES_MANUAL_BINDING
1777050900,1777051200,TSLA,TSLA.xnas,M5,Bid,374.97,375.88,374.53,375.54,687,7,0,MT5_PY_API_UNIX_SECONDS,UNRESOLVED_REQUIRES_MANUAL_BINDING
1777051200,1777051500,TSLA,TSLA.xnas,M5,Bid,375.54,376.81,375.4,376.02,762,5,0,MT5_PY_API_UNIX_SECONDS,UNRESOLVED_REQUIRES_MANUAL_BINDING
1777051500,1777051800,TSLA,TSLA.xnas,M5,Bid,376.02,376.25,373.0,373.26,855,6,0,MT5_PY_API_UNIX_SECONDS,UNRESOLVED_REQUIRES_MANUAL_BINDING
1777051800,1777052100,TSLA,TSLA.xnas,M5,Bid,373.66,374.29,372.43,373.12,904,6,0,MT5_PY_API_UNIX_SECONDS,UNRESOLVED_REQUIRES_MANUAL_BINDING
1777052100,1777052400,TSLA,TSLA.xnas,M5,Bid,373.19,374.57,372.4,374.42,827,6,0,MT5_PY_API_UNIX_SECONDS,UNRESOLVED_REQUIRES_MANUAL_BINDING
1777052400,1777052700,TSLA,TSLA.xnas,M5,Bid,374.47,375.47,374.19,375.39,714,5,0,MT5_PY_API_UNIX_SECONDS,UNRESOLVED_REQUIRES_MANUAL_BINDING
1777052700,1777053000,TSLA,TSLA.xnas,M5,Bid,375.37,375.86,373.75,374.89,822,6,0,MT5_PY_API_UNIX_SECONDS,UNRESOLVED_REQUIRES_MANUAL_BINDING
1777053000,1777053300,TSLA,TSLA.xnas,M5,Bid,374.87,376.29,374.37,376.22,641,6,0,MT5_PY_API_UNIX_SECONDS,UNRESOLVED_REQUIRES_MANUAL_BINDING
1777053300,1777053600,TSLA,TSLA.xnas,M5,Bid,376.23,377.37,375.87,376.7,807,6,0,MT5_PY_API_UNIX_SECONDS,UNRESOLVED_REQUIRES_MANUAL_BINDING
1777053600,1777053900,TSLA,TSLA.xnas,M5,Bid,376.72,377.19,376.13,376.7,603,6,0,MT5_PY_API_UNIX_SECONDS,UNRESOLVED_REQUIRES_MANUAL_BINDING
1777053900,1777054200,TSLA,TSLA.xnas,M5,Bid,376.71,376.88,375.12,375.67,717,6,0,MT5_PY_API_UNIX_SECONDS,UNRESOLVED_REQUIRES_MANUAL_BINDING
1777054200,1777054500,TSLA,TSLA.xnas,M5,Bid,375.65,375.79,374.39,374.87,590,6,0,MT5_PY_API_UNIX_SECONDS,UNRESOLVED_REQUIRES_MANUAL_BINDING
1777054500,1777054800,TSLA,TSLA.xnas,M5,Bid,374.85,374.93,373.89,374.34,680,7,0,MT5_PY_API_UNIX_SECONDS,UNRESOLVED_REQUIRES_MANUAL_BINDING
1777054800,1777055100,TSLA,TSLA.xnas,M5,Bid,374.35,376.09,374.26,375.8,692,5,0,MT5_PY_API_UNIX_SECONDS,UNRESOLVED_REQUIRES_MANUAL_BINDING
1777055100,1777055400,TSLA,TSLA.xnas,M5,Bid,375.8,376.14,375.1,375.91,561,6,0,MT5_PY_API_UNIX_SECONDS,UNRESOLVED_REQUIRES_MANUAL_BINDING
1777055400,1777055700,TSLA,TSLA.xnas,M5,Bid,375.93,376.72,375.64,375.64,663,5,0,MT5_PY_API_UNIX_SECONDS,UNRESOLVED_REQUIRES_MANUAL_BINDING
1777055700,1777056000,TSLA,TSLA.xnas,M5,Bid,375.62,376.0,375.11,375.48,576,6,0,MT5_PY_API_UNIX_SECONDS,UNRESOLVED_REQUIRES_MANUAL_BINDING
1777056000,1777056300,TSLA,TSLA.xnas,M5,Bid,375.46,375.9,374.04,375.02,638,6,0,MT5_PY_API_UNIX_SECONDS,UNRESOLVED_REQUIRES_MANUAL_BINDING
1777056300,1777056600,TSLA,TSLA.xnas,M5,Bid,375.03,376.64,374.51,375.6,827,7,0,MT5_PY_API_UNIX_SECONDS,UNRESOLVED_REQUIRES_MANUAL_BINDING
1777056600,1777056900,TSLA,TSLA.xnas,M5,Bid,375.61,376.0,374.18,374.77,668,7,0,MT5_PY_API_UNIX_SECONDS,UNRESOLVED_REQUIRES_MANUAL_BINDING
1777056900,1777057200,TSLA,TSLA.xnas,M5,Bid,374.82,374.82,373.85,374.34,741,7,0,MT5_PY_API_UNIX_SECONDS,UNRESOLVED_REQUIRES_MANUAL_BINDING
1777057200,1777057500,TSLA,TSLA.xnas,M5,Bid,374.34,374.56,373.5,373.92,598,5,0,MT5_PY_API_UNIX_SECONDS,UNRESOLVED_REQUIRES_MANUAL_BINDING
1777057500,1777057800,TSLA,TSLA.xnas,M5,Bid,373.93,373.96,372.32,373.18,586,6,0,MT5_PY_API_UNIX_SECONDS,UNRESOLVED_REQUIRES_MANUAL_BINDING
1777057800,1777058100,TSLA,TSLA.xnas,M5,Bid,373.12,374.47,372.89,374.43,655,6,0,MT5_PY_API_UNIX_SECONDS,UNRESOLVED_REQUIRES_MANUAL_BINDING
1777058100,1777058400,TSLA,TSLA.xnas,M5,Bid,374.42,375.03,374.17,375.03,561,6,0,MT5_PY_API_UNIX_SECONDS,UNRESOLVED_REQUIRES_MANUAL_BINDING
1777058400,1777058700,TSLA,TSLA.xnas,M5,Bid,375.03,375.63,374.49,374.59,493,6,0,MT5_PY_API_UNIX_SECONDS,UNRESOLVED_REQUIRES_MANUAL_BINDING
1777058700,1777059000,TSLA,TSLA.xnas,M5,Bid,374.62,374.91,373.84,373.96,508,5,0,MT5_PY_API_UNIX_SECONDS,UNRESOLVED_REQUIRES_MANUAL_BINDING
1777059000,1777059300,TSLA,TSLA.xnas,M5,Bid,373.99,374.33,373.26,373.76,582,5,0,MT5_PY_API_UNIX_SECONDS,UNRESOLVED_REQUIRES_MANUAL_BINDING
1777059300,1777059600,TSLA,TSLA.xnas,M5,Bid,373.74,374.33,373.58,374.15,506,6,0,MT5_PY_API_UNIX_SECONDS,UNRESOLVED_REQUIRES_MANUAL_BINDING
1777059600,1777059900,TSLA,TSLA.xnas,M5,Bid,374.17,374.26,373.02,373.16,486,5,0,MT5_PY_API_UNIX_SECONDS,UNRESOLVED_REQUIRES_MANUAL_BINDING
1777059900,1777060200,TSLA,TSLA.xnas,M5,Bid,373.16,373.9,373.11,373.54,474,6,0,MT5_PY_API_UNIX_SECONDS,UNRESOLVED_REQUIRES_MANUAL_BINDING
1777060200,1777060500,TSLA,TSLA.xnas,M5,Bid,373.52,373.73,373.01,373.21,447,5,0,MT5_PY_API_UNIX_SECONDS,UNRESOLVED_REQUIRES_MANUAL_BINDING
1777060500,1777060800,TSLA,TSLA.xnas,M5,Bid,373.19,374.15,373.17,374.13,495,6,0,MT5_PY_API_UNIX_SECONDS,UNRESOLVED_REQUIRES_MANUAL_BINDING
1777060800,1777061100,TSLA,TSLA.xnas,M5,Bid,374.14,374.46,373.78,374.03,581,6,0,MT5_PY_API_UNIX_SECONDS,UNRESOLVED_REQUIRES_MANUAL_BINDING
1777061100,1777061400,TSLA,TSLA.xnas,M5,Bid,374.01,375.87,373.92,375.79,553,5,0,MT5_PY_API_UNIX_SECONDS,UNRESOLVED_REQUIRES_MANUAL_BINDING
1777061400,1777061700,TSLA,TSLA.xnas,M5,Bid,375.78,376.2,375.42,375.82,492,5,0,MT5_PY_API_UNIX_SECONDS,UNRESOLVED_REQUIRES_MANUAL_BINDING
1777061700,1777062000,TSLA,TSLA.xnas,M5,Bid,375.73,375.82,374.67,375.64,546,6,0,MT5_PY_API_UNIX_SECONDS,UNRESOLVED_REQUIRES_MANUAL_BINDING
1777062000,1777062300,TSLA,TSLA.xnas,M5,Bid,375.68,376.32,375.42,376.18,586,6,0,MT5_PY_API_UNIX_SECONDS,UNRESOLVED_REQUIRES_MANUAL_BINDING
1777062300,1777062600,TSLA,TSLA.xnas,M5,Bid,376.19,376.5,375.31,375.5,489,5,0,MT5_PY_API_UNIX_SECONDS,UNRESOLVED_REQUIRES_MANUAL_BINDING
1777062600,1777062900,TSLA,TSLA.xnas,M5,Bid,375.46,375.79,375.1,375.34,432,5,0,MT5_PY_API_UNIX_SECONDS,UNRESOLVED_REQUIRES_MANUAL_BINDING
1777062900,1777063200,TSLA,TSLA.xnas,M5,Bid,375.37,375.9,374.6,374.75,481,5,0,MT5_PY_API_UNIX_SECONDS,UNRESOLVED_REQUIRES_MANUAL_BINDING
1777063200,1777063500,TSLA,TSLA.xnas,M5,Bid,374.75,376.02,374.7,375.94,487,6,0,MT5_PY_API_UNIX_SECONDS,UNRESOLVED_REQUIRES_MANUAL_BINDING
1777063500,1777063800,TSLA,TSLA.xnas,M5,Bid,375.95,376.11,375.64,375.77,410,5,0,MT5_PY_API_UNIX_SECONDS,UNRESOLVED_REQUIRES_MANUAL_BINDING
1777063800,1777064100,TSLA,TSLA.xnas,M5,Bid,375.75,376.48,375.71,375.97,464,5,0,MT5_PY_API_UNIX_SECONDS,UNRESOLVED_REQUIRES_MANUAL_BINDING
1777064100,1777064400,TSLA,TSLA.xnas,M5,Bid,376.1,377.05,375.97,376.35,691,6,0,MT5_PY_API_UNIX_SECONDS,UNRESOLVED_REQUIRES_MANUAL_BINDING
1777064400,1777064700,TSLA,TSLA.xnas,M5,Bid,376.37,376.65,375.65,376.05,509,6,0,MT5_PY_API_UNIX_SECONDS,UNRESOLVED_REQUIRES_MANUAL_BINDING
1777064700,1777065000,TSLA,TSLA.xnas,M5,Bid,376.07,376.23,375.4,375.82,449,7,0,MT5_PY_API_UNIX_SECONDS,UNRESOLVED_REQUIRES_MANUAL_BINDING
1777065000,1777065300,TSLA,TSLA.xnas,M5,Bid,375.84,376.13,375.67,375.84,386,7,0,MT5_PY_API_UNIX_SECONDS,UNRESOLVED_REQUIRES_MANUAL_BINDING
1777065300,1777065600,TSLA,TSLA.xnas,M5,Bid,375.8,376.09,375.54,376.03,369,5,0,MT5_PY_API_UNIX_SECONDS,UNRESOLVED_REQUIRES_MANUAL_BINDING
1777065600,1777065900,TSLA,TSLA.xnas,M5,Bid,375.98,376.32,375.75,376.14,417,5,0,MT5_PY_API_UNIX_SECONDS,UNRESOLVED_REQUIRES_MANUAL_BINDING
1777065900,1777066200,TSLA,TSLA.xnas,M5,Bid,376.15,376.22,375.05,375.12,442,5,0,MT5_PY_API_UNIX_SECONDS,UNRESOLVED_REQUIRES_MANUAL_BINDING
1777066200,1777066500,TSLA,TSLA.xnas,M5,Bid,375.14,375.99,375.04,375.77,425,5,0,MT5_PY_API_UNIX_SECONDS,UNRESOLVED_REQUIRES_MANUAL_BINDING
1777066500,1777066800,TSLA,TSLA.xnas,M5,Bid,375.76,376.63,375.76,376.53,434,6,0,MT5_PY_API_UNIX_SECONDS,UNRESOLVED_REQUIRES_MANUAL_BINDING
1777066800,1777067100,TSLA,TSLA.xnas,M5,Bid,376.54,376.89,375.97,376.02,357,5,0,MT5_PY_API_UNIX_SECONDS,UNRESOLVED_REQUIRES_MANUAL_BINDING
1777067100,1777067400,TSLA,TSLA.xnas,M5,Bid,376.01,376.18,375.47,375.75,389,5,0,MT5_PY_API_UNIX_SECONDS,UNRESOLVED_REQUIRES_MANUAL_BINDING
1777067400,1777067700,TSLA,TSLA.xnas,M5,Bid,375.74,376.4,375.5,376.08,481,5,0,MT5_PY_API_UNIX_SECONDS,UNRESOLVED_REQUIRES_MANUAL_BINDING
1777067700,1777068000,TSLA,TSLA.xnas,M5,Bid,376.09,376.18,375.67,376.12,489,5,0,MT5_PY_API_UNIX_SECONDS,UNRESOLVED_REQUIRES_MANUAL_BINDING
1777068000,1777068300,TSLA,TSLA.xnas,M5,Bid,376.12,376.53,375.82,376.06,591,5,0,MT5_PY_API_UNIX_SECONDS,UNRESOLVED_REQUIRES_MANUAL_BINDING
1777068300,1777068600,TSLA,TSLA.xnas,M5,Bid,376.03,376.46,375.73,376.4,509,6,0,MT5_PY_API_UNIX_SECONDS,UNRESOLVED_REQUIRES_MANUAL_BINDING
1777068600,1777068900,TSLA,TSLA.xnas,M5,Bid,376.38,376.49,375.98,376.26,511,5,0,MT5_PY_API_UNIX_SECONDS,UNRESOLVED_REQUIRES_MANUAL_BINDING
1777068900,1777069200,TSLA,TSLA.xnas,M5,Bid,376.26,376.9,376.14,376.55,605,5,0,MT5_PY_API_UNIX_SECONDS,UNRESOLVED_REQUIRES_MANUAL_BINDING
1777069200,1777069500,TSLA,TSLA.xnas,M5,Bid,376.54,376.85,376.21,376.8,700,5,0,MT5_PY_API_UNIX_SECONDS,UNRESOLVED_REQUIRES_MANUAL_BINDING
1777069500,1777069800,TSLA,TSLA.xnas,M5,Bid,376.83,377.18,376.52,376.65,629,5,0,MT5_PY_API_UNIX_SECONDS,UNRESOLVED_REQUIRES_MANUAL_BINDING
1777069800,1777070100,TSLA,TSLA.xnas,M5,Bid,376.68,377.22,376.22,377.05,609,5,0,MT5_PY_API_UNIX_SECONDS,UNRESOLVED_REQUIRES_MANUAL_BINDING
1777070100,1777070400,TSLA,TSLA.xnas,M5,Bid,376.98,377.52,376.72,377.26,584,6,0,MT5_PY_API_UNIX_SECONDS,UNRESOLVED_REQUIRES_MANUAL_BINDING
1777070400,1777070700,TSLA,TSLA.xnas,M5,Bid,377.33,377.71,377.14,377.2,736,5,0,MT5_PY_API_UNIX_SECONDS,UNRESOLVED_REQUIRES_MANUAL_BINDING
1777070700,1777071000,TSLA,TSLA.xnas,M5,Bid,377.2,377.2,376.48,376.81,565,5,0,MT5_PY_API_UNIX_SECONDS,UNRESOLVED_REQUIRES_MANUAL_BINDING
1777071000,1777071300,TSLA,TSLA.xnas,M5,Bid,376.87,377.78,376.41,377.73,830,5,0,MT5_PY_API_UNIX_SECONDS,UNRESOLVED_REQUIRES_MANUAL_BINDING
1777071300,1777071600,TSLA,TSLA.xnas,M5,Bid,377.57,377.57,376.12,376.33,909,5,0,MT5_PY_API_UNIX_SECONDS,UNRESOLVED_REQUIRES_MANUAL_BINDING
