run_id,input_role,path,exists,sha256,effect
run364H_review_timestamp_context_onnx_mt5_runtime_probe_without_db_v1,final_decision,stages/364_source_regime_label_pivot__dense_cost_recovery/02_runs/run364G/final_decision.json,True,f8970a3d4d5071ddbf1b55e5e12cb8a55f770d86b592e2a074361288a03fe9d3,review input(검토 입력)을 고정해 run364G 판독 재현성을 보존한다.
run364H_review_timestamp_context_onnx_mt5_runtime_probe_without_db_v1,required_gate_coverage_audit,stages/364_source_regime_label_pivot__dense_cost_recovery/02_runs/run364G/required_gate_coverage_audit.csv,True,dae999b7b587347fd31c7ce53c2f00262e449093d4c41a9a8c2c40326a583be2,review input(검토 입력)을 고정해 run364G 판독 재현성을 보존한다.
run364H_review_timestamp_context_onnx_mt5_runtime_probe_without_db_v1,timestamp_context_onnx_mt5_probe_summary,stages/364_source_regime_label_pivot__dense_cost_recovery/02_runs/run364G/timestamp_context_onnx_mt5_probe_summary.csv,True,eef75416f77218173fa2b4daecbe183a47ba5689e319f001e49f82ed15f97faf,review input(검토 입력)을 고정해 run364G 판독 재현성을 보존한다.
run364H_review_timestamp_context_onnx_mt5_runtime_probe_without_db_v1,mt5_execution_result,stages/364_source_regime_label_pivot__dense_cost_recovery/02_runs/run364G/mt5_execution_result.json,True,01977b9924d27ea13ea1bc7b8a8bc965e2db088f040b536c35d6c5b2fff2e5b0,review input(검토 입력)을 고정해 run364G 판독 재현성을 보존한다.
run364H_review_timestamp_context_onnx_mt5_runtime_probe_without_db_v1,strategy_tester_report_records,stages/364_source_regime_label_pivot__dense_cost_recovery/02_runs/run364G/strategy_tester_report_records.json,True,4ddc807cb6353d6edf81954b2588061cd5feb82174eb60ee30c4718abb5d6097,review input(검토 입력)을 고정해 run364G 판독 재현성을 보존한다.
run364H_review_timestamp_context_onnx_mt5_runtime_probe_without_db_v1,proxy_mt5_runtime_difference,stages/364_source_regime_label_pivot__dense_cost_recovery/02_runs/run364G/proxy_mt5_runtime_difference.csv,True,089f907ec321cace7153d7f8b5cd9cba85bb865448b923b72f5c34336931958a,review input(검토 입력)을 고정해 run364G 판독 재현성을 보존한다.
run364H_review_timestamp_context_onnx_mt5_runtime_probe_without_db_v1,run364F_rf_depth3_balanced_density_3_0_keep_long_p3_telemetry,stages/364_source_regime_label_pivot__dense_cost_recovery/02_runs/run364G/runtime_telemetry/run364F_rf_depth3_balanced_density_3_0_keep_long_p3_telemetry.csv,True,3df0f83d9692148750f257c60975d75f8f303750d416c2227e2c61d4489f7d92,review input(검토 입력)을 고정해 run364G 판독 재현성을 보존한다.
run364H_review_timestamp_context_onnx_mt5_runtime_probe_without_db_v1,run364F_rf_depth3_balanced_density_3_0_keep_long_p3_summary,stages/364_source_regime_label_pivot__dense_cost_recovery/02_runs/run364G/runtime_telemetry/run364F_rf_depth3_balanced_density_3_0_keep_long_p3_summary.csv,True,1c3dbdc436e6e02259b726f0296d0b5470f4261d7e01f88abeed755be5149d51,review input(검토 입력)을 고정해 run364G 판독 재현성을 보존한다.
run364H_review_timestamp_context_onnx_mt5_runtime_probe_without_db_v1,timestamp_context_expected_probability_tape,stages/364_source_regime_label_pivot__dense_cost_recovery/02_runs/run364F/expected_probability_tapes/timestamp_context_expected_probability_tape.csv,True,694ef443a1de5cafad60b6b1669ea37f981f54fec268122192b2f534966de4ff,review input(검토 입력)을 고정해 run364G 판독 재현성을 보존한다.
