record_view,candidate_id,candidate_alias,candidate_role,test_id,test_type,materialization_boundary,route_role,trade_count,net_profit,gross_profit,gross_loss,profit_factor,expectancy,win_rate,avg_win,avg_loss,payoff_ratio,closed_balance_max_drawdown,closed_balance_max_drawdown_percent,longest_underwater_trades,underwater_trade_share,max_losing_streak,recovery_factor_closed,report_equity_drawdown_percent,report_balance_drawdown_percent,report_recovery_factor,tier_b_fallback_used_count,tier_b_fallback_order_fill_count,positive_month_ratio,negative_month_count,worst_month,worst_month_net,best_month,best_month_net,chron_early_net,chron_mid_net,chron_late_net,source_chart_path,curve_read
mt5_tier_a_adjacent_2025_h1_validation_post_2024__run267ec_01_s258_stc_2025h1_period_survival_gate_2025h1,s258_short_tight_control,s258_stc,stress_challenger,s258_stc_2025h1_period_survival_gate,period_survival_gate_2025h1,Tier A materialized for seventh follow-up/prune; true Tier B fallback and actual routed total remain unclaimed.,tier_a_only,357,301.88,1960.39,-1658.51,1.182019,0.845602,0.501401,10.951899,-9.317472,1.175415,98.88,13.593995,71,0.890756,6,3.052994,14.65,13.59,2.81,0,0,0.833333,1,2025-05,-1.22,2025-02,136.53,158.05,64.89,78.94,stages/267_adapter_research__baseline_candidate_racing_protocol/02_runs/run267ED/runtime_gap_aware_seventh_followup_or_prune_mt5_execution/mt5/reports/Project_Obsidian_Prime_v2_run267ED_run267ec_01_s258_stc_2025h1_period_survival_gate_2025h1.png,"positive_but_needs_slice_review_no_selection(양수지만 구간 검토 필요, 선택 아님)"
mt5_tier_a_adjacent_2025_h2_oos_followthrough__run267ec_02_s258_stc_2025h2_period_survival_gate_2025h2,s258_short_tight_control,s258_stc,stress_challenger,s258_stc_2025h2_period_survival_gate,period_survival_gate_2025h2,Tier A materialized for seventh follow-up/prune; true Tier B fallback and actual routed total remain unclaimed.,tier_a_only,257,164.54,1387.04,-1222.5,1.134593,0.640233,0.494163,10.921575,-9.403846,1.161394,148.5,19.071715,46,0.871595,6,1.108013,20.51,19.07,1.01,0,0,0.666667,2,2025-12,-82.97,2025-11,119.97,32.3,143.41,-11.17,stages/267_adapter_research__baseline_candidate_racing_protocol/02_runs/run267ED/runtime_gap_aware_seventh_followup_or_prune_mt5_execution/mt5/reports/Project_Obsidian_Prime_v2_run267ED_run267ec_02_s258_stc_2025h2_period_survival_gate_2025h2.png,"positive_but_needs_slice_review_no_selection(양수지만 구간 검토 필요, 선택 아님)"
mt5_tier_a_validation_is__run267ec_06_s264_aih_validation_anchor_integrity_validation_is,s264_allow_inner_high_quarter,s264_aih,challenger_core,s264_aih_validation_anchor_integrity,validation_anchor_integrity,Tier A materialized for seventh follow-up/prune; true Tier B fallback and actual routed total remain unclaimed.,tier_a_only,467,518.62,2855.39,-2336.77,1.221939,1.110535,0.503212,12.150596,-10.072284,1.20634,114.48,11.47345,62,0.884368,6,4.530224,11.71,10.67,4.21,0,0,0.777778,2,2025-09,-23.95,2025-04,135.17,136.35,140.31,241.96,stages/267_adapter_research__baseline_candidate_racing_protocol/02_runs/run267ED/runtime_gap_aware_seventh_followup_or_prune_mt5_execution/mt5/reports/Project_Obsidian_Prime_v2_run267ED_run267ec_06_s264_aih_validation_anchor_integrity_validation_is.png,"positive_but_needs_slice_review_no_selection(양수지만 구간 검토 필요, 선택 아님)"
mt5_tier_a_oos_final_month_2026_04__run267ec_07_s264_aih_202604_counter_shock_rebuild_202604,s264_allow_inner_high_quarter,s264_aih,challenger_core,s264_aih_202604_counter_shock_rebuild,final_month_counter_shock_rebuild,Tier A materialized for seventh follow-up/prune; true Tier B fallback and actual routed total remain unclaimed.,tier_a_only,17,-30.46,22.91,-53.37,0.429267,-1.791765,0.470588,2.86375,-5.93,0.482926,32.67,6.505247,9,0.882353,3,-0.932354,8.58,6.51,-0.69,0,0,0.0,1,2026-04,-30.46,2026-04,-30.46,-12.56,5.21,-23.11,stages/267_adapter_research__baseline_candidate_racing_protocol/02_runs/run267ED/runtime_gap_aware_seventh_followup_or_prune_mt5_execution/mt5/reports/Project_Obsidian_Prime_v2_run267ED_run267ec_07_s264_aih_202604_counter_shock_rebuild_202604.png,"negative_or_fragile_no_selection(음수 또는 취약, 선택 아님)"
mt5_tier_a_oos_final_month_2026_04__run267ec_08_s264_lc_202604_counter_shock_control_202604,s264_lowrank_control,s264_lc,defensive_control,s264_lc_202604_counter_shock_control,paired_final_month_control,Tier A materialized for seventh follow-up/prune; true Tier B fallback and actual routed total remain unclaimed.,tier_a_only,17,-39.29,26.63,-65.92,0.403975,-2.311176,0.470588,3.32875,-7.324444,0.454471,41.41,8.247033,16,0.941176,3,-0.948805,10.36,8.25,-0.74,0,0,0.0,1,2026-04,-39.29,2026-04,-39.29,-16.27,4.93,-27.95,stages/267_adapter_research__baseline_candidate_racing_protocol/02_runs/run267ED/runtime_gap_aware_seventh_followup_or_prune_mt5_execution/mt5/reports/Project_Obsidian_Prime_v2_run267ED_run267ec_08_s264_lc_202604_counter_shock_control_202604.png,"negative_or_fragile_no_selection(음수 또는 취약, 선택 아님)"
mt5_tier_a_validation_is__run267ec_11_s262_lih_validation_coverage_rejoin_validation_is,s262_lowrank_inner_half_filter,s262_lih,validation_heavy,s262_lih_validation_coverage_rejoin,coverage_rejoin_validation,Tier A materialized for seventh follow-up/prune; true Tier B fallback and actual routed total remain unclaimed.,tier_a_only,458,574.21,3271.19,-2696.98,1.212909,1.253734,0.502183,14.222565,-11.82886,1.202361,140.82,13.050119,48,0.879913,6,4.077617,13.39,12.27,3.77,0,0,0.777778,2,2025-09,-33.51,2025-04,162.28,124.48,158.43,291.3,stages/267_adapter_research__baseline_candidate_racing_protocol/02_runs/run267ED/runtime_gap_aware_seventh_followup_or_prune_mt5_execution/mt5/reports/Project_Obsidian_Prime_v2_run267ED_run267ec_11_s262_lih_validation_coverage_rejoin_validation_is.png,"positive_but_needs_slice_review_no_selection(양수지만 구간 검토 필요, 선택 아님)"
mt5_tier_a_oos_final_month_2026_04__run267ec_12_s262_lih_202604_coverage_rejoin_202604,s262_lowrank_inner_half_filter,s262_lih,validation_heavy,s262_lih_202604_coverage_rejoin,coverage_rejoin_final_month,Tier A materialized for seventh follow-up/prune; true Tier B fallback and actual routed total remain unclaimed.,tier_a_only,17,-39.29,26.63,-65.92,0.403975,-2.311176,0.470588,3.32875,-7.324444,0.454471,41.41,8.247033,16,0.941176,3,-0.948805,10.36,8.25,-0.74,0,0,0.0,1,2026-04,-39.29,2026-04,-39.29,-16.27,4.93,-27.95,stages/267_adapter_research__baseline_candidate_racing_protocol/02_runs/run267ED/runtime_gap_aware_seventh_followup_or_prune_mt5_execution/mt5/reports/Project_Obsidian_Prime_v2_run267ED_run267ec_12_s262_lih_202604_coverage_rejoin_202604.png,"negative_or_fragile_no_selection(음수 또는 취약, 선택 아님)"
mt5_tier_a_validation_is__run267ec_13_s264_aia_validation_coverage_rejoin_validation_is,s264_allow_inner_all_oos_anchor,s264_aia,oos_anchor,s264_aia_validation_coverage_rejoin,coverage_rejoin_validation,Tier A materialized for seventh follow-up/prune; true Tier B fallback and actual routed total remain unclaimed.,tier_a_only,458,574.21,3271.19,-2696.98,1.212909,1.253734,0.502183,14.222565,-11.82886,1.202361,140.82,13.050119,48,0.879913,6,4.077617,13.39,12.27,3.77,0,0,0.777778,2,2025-09,-33.51,2025-04,162.28,124.48,158.43,291.3,stages/267_adapter_research__baseline_candidate_racing_protocol/02_runs/run267ED/runtime_gap_aware_seventh_followup_or_prune_mt5_execution/mt5/reports/Project_Obsidian_Prime_v2_run267ED_run267ec_13_s264_aia_validation_coverage_rejoin_validation_is.png,"positive_but_needs_slice_review_no_selection(양수지만 구간 검토 필요, 선택 아님)"
mt5_tier_a_oos_final_month_2026_04__run267ec_14_s264_aia_202604_coverage_rejoin_202604,s264_allow_inner_all_oos_anchor,s264_aia,oos_anchor,s264_aia_202604_coverage_rejoin,coverage_rejoin_final_month,Tier A materialized for seventh follow-up/prune; true Tier B fallback and actual routed total remain unclaimed.,tier_a_only,17,-39.29,26.63,-65.92,0.403975,-2.311176,0.470588,3.32875,-7.324444,0.454471,41.41,8.247033,16,0.941176,3,-0.948805,10.36,8.25,-0.74,0,0,0.0,1,2026-04,-39.29,2026-04,-39.29,-16.27,4.93,-27.95,stages/267_adapter_research__baseline_candidate_racing_protocol/02_runs/run267ED/runtime_gap_aware_seventh_followup_or_prune_mt5_execution/mt5/reports/Project_Obsidian_Prime_v2_run267ED_run267ec_14_s264_aia_202604_coverage_rejoin_202604.png,"negative_or_fragile_no_selection(음수 또는 취약, 선택 아님)"
