candidate_id,split,bucket_group,bucket,trade_count,trades_per_day,net_profit,gross_profit,gross_loss,profit_factor,drawdown_percent_on_10000,win_rate,expectancy,long_trade_count,short_trade_count
f69b_c059a1429316,validation,session,mid_35_300,11,0.04055662949829093,318.04463197708026,441.90795106887816,123.86331909179789,3.567706358178326,0.6606344604492187,63.63636363636363,28.91314836155275,11,0
f69b_c059a1429316,validation,session,open_0_30,25,0.09217415795066122,453.2823407173157,795.7750100135804,342.4926692962647,2.323480416817959,1.8444133243560792,60.0,18.131293628692628,25,0
f69b_c059a1429316,validation,regime,chop_adx_lt18,5,0.018434831590132244,119.07587809562682,213.17450518608092,94.0986270904541,2.2654369333270172,0.9409862709045411,60.0,23.815175619125363,5,0
f69b_c059a1429316,validation,regime,other_regime,3,0.011060898954079346,122.80990247726442,151.9679738044739,29.158071327209473,5.211866453686247,0.29158071327209467,66.66666666666666,40.936634159088136,3,0
f69b_c059a1429316,validation,regime,trend_adx_ge25,24,0.08848719163263477,424.3469963741293,703.4346223354339,279.08762596130475,2.5204794369241026,1.087486587524414,66.66666666666666,17.681124848922053,24,0
f69b_c059a1429316,validation,regime,vol_expansion_hv5over20_ge1p25,4,0.014747865272105795,105.09419574737552,169.10585975646975,64.01166400909425,2.6417975907085403,0.38561676406860357,25.0,26.27354893684388,4,0
f69b_c059a1429316,oos,session,mid_35_300,7,0.03604054561381554,257.9182542800903,328.9576663970947,71.0394121170044,4.630636101764045,0.4485005149841309,71.42857142857143,36.84546489715576,7,0
f69b_c059a1429316,oos,session,open_0_30,21,0.10812163684144661,398.00102863311776,583.0593280792237,185.05829944610596,3.1506791634007563,0.5671498146057127,71.42857142857143,18.95242993491037,21,0
f69b_c059a1429316,oos,regime,bb_squeeze_on,1,0.00514864937340222,87.18455543518067,87.18455543518067,0.0,99.0,0.0,100.0,87.18455543518067,1,0
f69b_c059a1429316,oos,regime,chop_adx_lt18,2,0.01029729874680444,-16.759905338287357,21.97666997909546,38.736575317382815,0.5673364203993932,0.38736575317382815,50.0,-8.379952669143679,2,0
f69b_c059a1429316,oos,regime,other_regime,1,0.00514864937340222,27.850829029083254,27.850829029083254,0.0,99.0,0.0,100.0,27.850829029083254,1,0
f69b_c059a1429316,oos,regime,trend_adx_ge25,18,0.09267568872123996,442.607167339325,618.5596398353576,175.95247249603273,3.515492741082707,0.6775934658050536,72.22222222222221,24.589287074406943,18,0
f69b_c059a1429316,oos,regime,vol_expansion_hv5over20_ge1p25,6,0.03089189624041332,115.0366364479065,156.4453001976013,41.408663749694824,3.7780813489484864,0.24669511985778814,66.66666666666666,19.17277274131775,6,0
f69b_6773bb91b9be,validation,session,mid_35_300,9,0.033182696862238036,246.79647903442384,374.4023517608643,127.60587272644044,2.934052671411938,0.6606344604492187,55.55555555555556,27.42183100382487,9,0
f69b_6773bb91b9be,validation,regime,chop_adx_lt18,1,0.0036869663180264488,58.66018981933594,58.66018981933594,0.0,99.0,0.0,100.0,58.66018981933594,1,0
f69b_6773bb91b9be,validation,regime,trend_adx_ge25,7,0.02580876422618514,-56.40602188110353,71.19985084533691,127.60587272644044,0.5579668813360502,0.9401344604492188,42.857142857142854,-8.058003125871933,7,0
f69b_6773bb91b9be,validation,regime,vol_expansion_hv5over20_ge1p25,1,0.0036869663180264488,244.54231109619144,244.54231109619144,0.0,99.0,0.0,100.0,244.54231109619144,1,0
f69b_6773bb91b9be,oos,session,mid_35_300,3,0.01544594812020666,48.32553768157959,77.74869060516357,29.423152923583984,2.6424323323570293,0.29423152923583984,66.66666666666666,16.10851256052653,3,0
f69b_6773bb91b9be,oos,regime,trend_adx_ge25,3,0.01544594812020666,48.32553768157959,77.74869060516357,29.423152923583984,2.6424323323570293,0.29423152923583984,66.66666666666666,16.10851256052653,3,0
f69b_44c31b74fdce,validation,session,mid_35_300,19,0.07005236004250252,320.4724652290344,545.0951867103578,224.62272148132325,2.4267143729521634,0.6748248672485352,57.89473684210527,16.866971854159704,19,0
f69b_44c31b74fdce,validation,regime,chop_adx_lt18,1,0.0036869663180264488,58.66018981933594,58.66018981933594,0.0,99.0,0.0,100.0,58.66018981933594,1,0
f69b_44c31b74fdce,validation,regime,other_regime,1,0.0036869663180264488,-18.982959938049316,0.0,18.982959938049316,0.0,0.18982959938049315,0.0,-18.982959938049316,1,0
f69b_44c31b74fdce,validation,regime,trend_adx_ge25,16,0.05899146108842318,36.252924251556365,241.8926857948303,205.63976154327392,1.1762933587331916,1.3432629165649417,56.25,2.265807765722273,16,0
f69b_44c31b74fdce,validation,regime,vol_expansion_hv5over20_ge1p25,1,0.0036869663180264488,244.54231109619144,244.54231109619144,0.0,99.0,0.0,100.0,244.54231109619144,1,0
f69b_44c31b74fdce,oos,session,mid_35_300,8,0.04118919498721776,151.9084587097168,211.68918762207034,59.780728912353524,3.5410941196858734,0.5978072891235352,75.0,18.9885573387146,8,0
f69b_44c31b74fdce,oos,regime,trend_adx_ge25,8,0.04118919498721776,151.9084587097168,211.68918762207034,59.780728912353524,3.5410941196858734,0.5978072891235352,75.0,18.9885573387146,8,0
f69b_9dd9ed423f5f,validation,session,mid_35_300,13,0.04793056213434383,184.1343619155894,298.13799781799315,114.00363590240379,2.615162187223775,0.5151611938476564,69.23076923076923,14.16418168581457,13,0
f69b_9dd9ed423f5f,validation,session,open_0_30,4,0.014747865272105795,70.96111488342285,139.99837532043458,69.03726043701172,2.027866900196111,0.6903726043701173,50.0,17.740278720855713,4,0
f69b_9dd9ed423f5f,validation,regime,other_regime,2,0.0073739326360528976,143.55673542022706,143.55673542022706,0.0,99.0,0.0,100.0,71.77836771011353,2,0
f69b_9dd9ed423f5f,validation,regime,trend_adx_ge25,15,0.05530449477039673,111.53874137878525,294.5796377182007,183.04089633941547,1.6093651397552011,0.5308726043701172,60.0,7.435916091919016,15,0
f69b_9dd9ed423f5f,oos,session,mid_35_300,7,0.03604054561381554,127.5750396728516,192.53150634765626,64.95646667480469,2.964008299766948,0.5135646667480468,57.14285714285714,18.225005667550228,7,0
f69b_9dd9ed423f5f,oos,regime,other_regime,1,0.00514864937340222,85.33150634765626,85.33150634765626,0.0,99.0,0.0,100.0,85.33150634765626,1,0
f69b_9dd9ed423f5f,oos,regime,trend_adx_ge25,6,0.03089189624041332,42.243533325195315,107.19999999999999,64.95646667480469,1.6503360710286405,0.5135646667480468,50.0,7.040588887532553,6,0
f69b_701b71706a6b,validation,session,mid_35_300,17,0.06267842740644963,382.63631015777435,524.4804577636694,141.844147605895,3.6975826399331275,0.3848451652526853,64.70588235294117,22.508018244574963,17,0
f69b_701b71706a6b,validation,regime,trend_adx_ge25,17,0.06267842740644963,382.63631015777435,524.4804577636694,141.844147605895,3.6975826399331275,0.3848451652526853,64.70588235294117,22.508018244574963,17,0
f69b_701b71706a6b,oos,session,mid_35_300,13,0.06693244185422886,125.56860530853373,229.89503486633402,104.32642955780028,2.2036126017229853,0.8782642955780028,61.53846153846154,9.659123485271826,13,0
f69b_701b71706a6b,oos,regime,trend_adx_ge25,13,0.06693244185422886,125.56860530853373,229.89503486633402,104.32642955780028,2.2036126017229853,0.8782642955780028,61.53846153846154,9.659123485271826,13,0
f69b_38538208d431,validation,session,mid_35_300,6,0.022121797908158693,-46.462812423706055,175.35901336669923,221.82182579040526,0.7905399423246666,1.4437487297058107,16.666666666666664,-7.743802070617676,6,0
f69b_38538208d431,validation,session,open_0_30,13,0.04793056213434383,364.8443404197693,421.0323906898499,56.188050270080566,7.493272834100178,0.1693820858001709,69.23076923076923,28.064949263059177,13,0
f69b_38538208d431,validation,regime,chop_adx_lt18,3,0.011060898954079346,-53.4843240737915,35.46666469573975,88.95098876953125,0.39872142160929297,0.8895098876953125,66.66666666666666,-17.828108024597167,3,0
f69b_38538208d431,validation,regime,trend_adx_ge25,12,0.044243595816317385,268.0552731513978,385.56572599411015,117.51045284271241,3.2811185444939897,0.5542388420104981,58.333333333333336,22.33793942928315,12,0
f69b_38538208d431,validation,regime,vol_expansion_hv5over20_ge1p25,4,0.014747865272105795,103.81057891845705,175.35901336669923,71.54843444824219,2.450913352877807,0.5729741735458374,25.0,25.952644729614263,4,0
f69b_38538208d431,oos,session,mid_35_300,3,0.01544594812020666,161.96982593536376,161.96982593536376,0.0,99.0,0.0,100.0,53.98994197845459,3,0
f69b_38538208d431,oos,session,open_0_30,5,0.0257432468670111,-39.32423372268677,59.073397922515866,98.39763164520265,0.6003538594863729,0.7140577297210693,40.0,-7.864846744537354,5,0
f69b_38538208d431,oos,regime,other_regime,1,0.00514864937340222,-46.736260986328126,0.0,46.736260986328126,0.0,0.4673626098632813,0.0,-46.736260986328126,1,0
f69b_38538208d431,oos,regime,trend_adx_ge25,6,0.03089189624041332,194.05136518478395,221.04322385787964,26.991858673095706,8.189255380112291,0.2699185867309569,83.33333333333334,32.34189419746399,6,0
f69b_38538208d431,oos,regime,vol_expansion_hv5over20_ge1p25,1,0.00514864937340222,-24.66951198577881,0.0,24.66951198577881,0.0,0.24669511985778814,0.0,-24.66951198577881,1,0
f69b_70653db4adb4,validation,session,mid_35_300,13,0.04793056213434383,316.85760383605964,494.3755950927735,177.51799125671388,2.7849323417469427,1.1067418632507324,69.23076923076923,24.37366183354305,13,0
f69b_70653db4adb4,validation,session,open_0_30,1,0.0036869663180264488,-88.08042526245117,0.0,88.08042526245117,0.0,0.8808042526245117,0.0,-88.08042526245117,1,0
f69b_70653db4adb4,validation,regime,other_regime,2,0.0073739326360528976,209.02532501220708,209.02532501220708,0.0,99.0,0.0,100.0,104.51266250610354,2,0
f69b_70653db4adb4,validation,regime,trend_adx_ge25,12,0.044243595816317385,19.751853561401333,285.3502700805664,265.5984165191651,1.0743673619002019,2.6559841651916507,58.333333333333336,1.6459877967834444,12,0
f69b_70653db4adb4,oos,session,mid_35_300,8,0.04118919498721776,204.70697107315064,276.91844873428346,72.21147766113282,3.8348259543140792,0.38825668716430667,75.0,25.58837138414383,8,0
f69b_70653db4adb4,oos,regime,chop_adx_lt18,1,0.00514864937340222,-38.82566871643067,0.0,38.82566871643067,0.0,0.38825668716430667,0.0,-38.82566871643067,1,0
f69b_70653db4adb4,oos,regime,trend_adx_ge25,7,0.03604054561381554,243.5326397895813,276.91844873428346,33.38580894470215,8.29449570004283,0.3338580894470215,85.71428571428571,34.79037711279733,7,0
f69b_bbf864f09714,validation,session,mid_35_300,42,0.15485258535711086,361.9613922309892,843.4272410392796,481.4658488082906,1.75179037750425,0.9796496200561524,54.761904761904766,8.618128386452124,42,0
f69b_bbf864f09714,validation,regime,other_regime,2,0.0073739326360528976,173.77532501220708,173.77532501220708,0.0,99.0,0.0,100.0,86.88766250610354,2,0
f69b_bbf864f09714,validation,regime,trend_adx_ge25,40,0.14747865272105795,188.18606721878206,669.6519160270726,481.4658488082906,1.3908606761716835,0.9796496200561524,52.5,4.704651680469551,40,0
f69b_bbf864f09714,oos,session,mid_35_300,27,0.13901353308185993,268.2788382720937,568.0664984893788,299.7876602172852,1.8948962011233081,0.7393892925262554,55.55555555555556,9.936253269336804,27,0
f69b_bbf864f09714,oos,regime,other_regime,2,0.01029729874680444,72.58773956298829,72.58773956298829,0.0,99.0,0.0,100.0,36.293869781494145,2,0
f69b_bbf864f09714,oos,regime,trend_adx_ge25,25,0.1287162343350555,195.69109870910543,495.47875892639047,299.7876602172852,1.6527656894458864,0.7998892925262555,52.0,7.8276439483642175,25,0
f69b_60f9884c5649,validation,session,mid_35_300,12,0.044243595816317385,51.79212457656759,264.52468301772967,212.7325584411621,1.243461202911694,0.7667402572631836,58.333333333333336,4.316010381380632,12,0
f69b_60f9884c5649,validation,session,open_0_30,25,0.09217415795066122,332.81216492652896,605.6468826770781,272.8347177505493,2.219830700691165,0.7992715158462526,56.00000000000001,13.31248659706116,25,0
f69b_60f9884c5649,validation,regime,chop_adx_lt18,4,0.014747865272105795,41.919133329391485,65.09732394218446,23.178190612792967,2.8085593491605274,0.23178190612792968,75.0,10.479783332347871,4,0
f69b_60f9884c5649,validation,regime,trend_adx_ge25,29,0.10692202322276702,287.36030656814484,690.813496131896,403.4531895637512,1.7122519142279278,1.299870188713074,55.172413793103445,9.908976088556718,29,0
f69b_60f9884c5649,validation,regime,vol_expansion_hv5over20_ge1p25,4,0.014747865272105795,55.324849605560296,114.26074562072753,58.93589601516724,1.9387292523952189,0.4468487892150879,50.0,13.831212401390074,4,0
f69b_60f9884c5649,oos,session,mid_35_300,10,0.0514864937340222,213.1212546348572,349.73863782882694,136.61738319396974,2.559986362293787,1.3481738319396976,70.0,21.31212546348572,10,0
f69b_60f9884c5649,oos,session,open_0_30,24,0.12356758496165328,136.20242710113524,509.1122591018677,372.9098320007325,1.3652422527193322,1.0864117012023926,50.0,5.675101129213968,24,0
f69b_60f9884c5649,oos,regime,other_regime,5,0.0257432468670111,-68.14392127990723,57.51700401306152,125.66092529296876,0.4577159039611165,0.7712466430664063,40.0,-13.628784255981447,5,0
f69b_60f9884c5649,oos,regime,trend_adx_ge25,24,0.12356758496165328,307.33819484710693,624.4009223937989,317.0627275466919,1.9693293097715092,1.6902797584533693,58.333333333333336,12.805758118629456,24,0
f69b_60f9884c5649,oos,regime,vol_expansion_hv5over20_ge1p25,5,0.0257432468670111,110.12940816879274,176.93297052383423,66.8035623550415,2.6485559195703807,0.6680356235504151,60.0,22.025881633758548,5,0
f69b_64ee75344ed6,validation,session,late_305_390,4,0.014747865272105795,30.05851581573588,75.28194797515971,45.22343215942383,1.6646668415119876,0.45223432159423826,75.0,7.51462895393397,4,0
f69b_64ee75344ed6,validation,session,mid_35_300,50,0.18434831590132245,618.5056591224624,1233.7637436866726,615.2580845642101,2.0052783939613774,1.322311172485351,64.0,12.370113182449247,50,0
f69b_64ee75344ed6,validation,session,open_0_30,11,0.04055662949829093,-48.40539398193363,234.66560878753663,283.0710027694703,0.828999107968136,1.8176404037475584,45.45454545454545,-4.400490361993966,11,0
f69b_64ee75344ed6,validation,regime,bb_squeeze_on,1,0.0036869663180264488,-77.34593811035157,0.0,77.34593811035157,0.0,0.7734593811035158,0.0,-77.34593811035157,1,0
f69b_64ee75344ed6,validation,regime,chop_adx_lt18,3,0.011060898954079346,232.2700773239136,264.5556558609009,32.28557853698731,8.194236183744335,0.3228557853698731,66.66666666666666,77.4233591079712,3,0
f69b_64ee75344ed6,validation,regime,other_regime,11,0.04055662949829093,407.0647746276882,490.2786833953883,83.2139087677002,5.891787690974226,0.45223432159423826,81.81818181818183,37.00588860251711,11,0
f69b_64ee75344ed6,validation,regime,trend_adx_ge25,50,0.18434831590132245,38.16986711501448,788.8769611930794,750.7070940780651,1.050845219681706,2.913360826873795,57.99999999999999,0.7633973423002897,50,0
f69b_64ee75344ed6,oos,session,late_305_390,1,0.00514864937340222,-39.64096298217774,0.0,39.64096298217774,0.0,0.39640962982177735,0.0,-39.64096298217774,1,0
f69b_64ee75344ed6,oos,session,mid_35_300,34,0.1750540786956755,444.7407813835118,848.9842271614049,404.24344577789316,2.1001805620563343,1.3558813915252688,58.82352941176471,13.080611217162112,34,0
f69b_64ee75344ed6,oos,session,open_0_30,3,0.01544594812020666,-25.845816993713385,62.363033866882326,88.2088508605957,0.7069929293766697,0.5322160263061524,33.33333333333333,-8.615272331237795,3,0
f69b_64ee75344ed6,oos,regime,bb_squeeze_on,1,0.00514864937340222,-53.22160263061524,0.0,53.22160263061524,0.0,0.5322160263061524,0.0,-53.22160263061524,1,0
f69b_64ee75344ed6,oos,regime,other_regime,5,0.0257432468670111,156.88125694275004,157.73125694275004,0.85,185.56618463852945,0.008499999999999943,80.0,31.37625138855001,5,0
f69b_64ee75344ed6,oos,regime,trend_adx_ge25,32,0.16475677994887103,275.5943470954859,753.6160040855372,478.0216569900514,1.5765310903083654,1.3473813915252686,53.125,8.612323346733934,32,0
f69b_96708a143aa9,validation,session,mid_35_300,9,0.033182696862238036,133.12105464935303,204.6675828933716,71.54652824401856,2.8606221422138987,0.3123875999450684,55.55555555555556,14.791228294372559,9,0
f69b_96708a143aa9,validation,session,open_0_30,5,0.018434831590132244,339.88018226623535,339.88018226623535,0.0,99.0,0.0,100.0,67.97603645324708,5,0
f69b_96708a143aa9,validation,regime,other_regime,1,0.0036869663180264488,-31.238759994506836,0.0,31.238759994506836,0.0,0.3123875999450684,0.0,-31.238759994506836,1,0
f69b_96708a143aa9,validation,regime,trend_adx_ge25,13,0.04793056213434383,504.23999691009516,544.5477651596069,40.30776824951172,13.509747346684307,0.2211976261138915,76.92307692307693,38.78769207000732,13,0
f69b_96708a143aa9,oos,session,mid_35_300,9,0.04633784436061998,67.95527324676516,224.8763622283936,156.9210889816284,1.4330537959414817,1.3139374561309813,44.44444444444444,7.55058591630724,9,0
f69b_96708a143aa9,oos,session,open_0_30,1,0.00514864937340222,52.26069030761719,52.26069030761719,0.0,99.0,0.0,100.0,52.26069030761719,1,0
f69b_96708a143aa9,oos,regime,trend_adx_ge25,10,0.0514864937340222,120.21596355438234,277.13705253601074,156.9210889816284,1.766091825735779,1.3139374561309813,50.0,12.021596355438234,10,0
f69b_59c99a7aaa92,validation,session,late_305_390,1,0.0036869663180264488,71.31954002380371,71.31954002380371,0.0,99.0,0.0,100.0,71.31954002380371,1,0
f69b_59c99a7aaa92,validation,session,mid_35_300,18,0.06636539372447607,426.36532241821556,692.2137896728542,265.84846725463865,2.603790786613144,1.9027956619262698,66.66666666666666,23.68696235656753,18,0
f69b_59c99a7aaa92,validation,session,open_0_30,4,0.014747865272105795,184.7862888336182,227.76374816894534,42.977459335327154,5.299609415992751,0.4297745933532715,75.0,46.19657220840455,4,0
f69b_59c99a7aaa92,validation,regime,trend_adx_ge25,23,0.08480022531460832,682.4711512756373,991.2970778656033,308.82592658996583,3.2098894312774706,1.9027956619262696,69.56521739130434,29.672658751114668,23,0
f69b_59c99a7aaa92,oos,session,mid_35_300,11,0.05663514310742442,135.44384794235228,343.16886434555056,207.72501640319828,1.6520343591137485,1.0088286895751954,45.45454545454545,12.31307708566839,11,0
f69b_59c99a7aaa92,oos,session,open_0_30,2,0.01029729874680444,25.71756477355957,52.26069030761719,26.54312553405762,1.9688973794951627,0.2654312553405762,50.0,12.858782386779785,2,0
f69b_59c99a7aaa92,oos,regime,trend_adx_ge25,13,0.06693244185422886,161.16141271591187,395.42955465316777,234.2681419372559,1.6879356765422922,1.2742599449157717,46.15384615384615,12.397031747377836,13,0
f69b_40fe35d11a30,validation,session,mid_35_300,9,0.033182696862238036,143.12987384796145,359.0341920852661,215.90431823730472,1.6629319645688814,1.2616226177215575,44.44444444444444,15.903319316440161,9,0
f69b_40fe35d11a30,validation,regime,trend_adx_ge25,8,0.02949573054421159,-101.41243724822999,114.4918809890747,215.90431823730472,0.5302899076952894,1.386447484970093,37.5,-12.676554656028749,8,0
f69b_40fe35d11a30,validation,regime,vol_expansion_hv5over20_ge1p25,1,0.0036869663180264488,244.54231109619144,244.54231109619144,0.0,99.0,0.0,100.0,244.54231109619144,1,0
f69b_40fe35d11a30,oos,session,mid_35_300,5,0.0257432468670111,128.80155563354495,183.2873645782471,54.48580894470215,3.3639468354827238,0.3338580894470215,60.0,25.76031112670899,5,0
f69b_40fe35d11a30,oos,regime,trend_adx_ge25,5,0.0257432468670111,128.80155563354495,183.2873645782471,54.48580894470215,3.3639468354827238,0.3338580894470215,60.0,25.76031112670899,5,0
f69b_0367c1c22ef1,validation,session,mid_35_300,28,0.10323505690474057,440.4272847366333,933.5710018539419,493.14371711730854,1.8931012795036075,2.588733666229258,60.71428571428571,15.72954588345119,28,0
f69b_0367c1c22ef1,validation,session,open_0_30,1,0.0036869663180264488,-88.08042526245117,0.0,88.08042526245117,0.0,0.8808042526245117,0.0,-88.08042526245117,1,0
f69b_0367c1c22ef1,validation,regime,trend_adx_ge25,29,0.10692202322276702,352.34685947418217,933.5710018539419,581.2241423797598,1.6062151135559093,3.46953791885377,58.620689655172406,12.149891706006281,29,0
f69b_0367c1c22ef1,oos,session,mid_35_300,12,0.06178379248082664,196.7201131629954,388.7477632331859,192.02765007019045,2.0244363928376448,0.5151937179565431,58.333333333333336,16.39334276358295,12,0
f69b_0367c1c22ef1,oos,regime,trend_adx_ge25,12,0.06178379248082664,196.7201131629954,388.7477632331859,192.02765007019045,2.0244363928376448,0.5151937179565431,58.333333333333336,16.39334276358295,12,0
f69b_337ca1bfd006,validation,session,mid_35_300,2,0.0073739326360528976,7.926118469238276,51.24557189941406,43.319453430175784,1.1829690321927524,0.4331945343017578,50.0,3.963059234619138,0,2
f69b_337ca1bfd006,validation,session,open_0_30,23,0.08480022531460832,173.8930534172058,436.1904881286621,262.2974347114563,1.6629613194978408,0.95203214263916,47.82608695652174,7.560567539878513,0,23
f69b_337ca1bfd006,validation,regime,chop_adx_lt18,1,0.0036869663180264488,-14.681021976470946,0.0,14.681021976470946,0.0,0.14681021976470945,0.0,-14.681021976470946,0,1
f69b_337ca1bfd006,validation,regime,other_regime,1,0.0036869663180264488,-12.351810550689697,0.0,12.351810550689697,0.0,0.12351810550689697,0.0,-12.351810550689697,0,1
f69b_337ca1bfd006,validation,regime,trend_adx_ge25,19,0.07005236004250252,145.14354000091552,392.17463693618777,247.03109693527222,1.5875516961289553,1.5221566429138185,47.368421052631575,7.639133684258712,0,19
f69b_337ca1bfd006,validation,regime,vol_expansion_hv5over20_ge1p25,4,0.014747865272105795,63.70846441268922,95.26142309188845,31.552958679199218,3.0190963725594457,0.3155295867919922,75.0,15.927116103172304,0,4
f69b_337ca1bfd006,oos,session,mid_35_300,2,0.01029729874680444,-84.64303207397461,0.0,84.64303207397461,0.0,0.8464303207397461,0.0,-42.321516036987305,0,2
f69b_337ca1bfd006,oos,session,open_0_30,14,0.07208109122763108,307.81425590515136,413.09383907318124,105.27958316802977,3.9237792043103887,0.48622681045532257,64.28571428571429,21.986732564653668,0,14
f69b_337ca1bfd006,oos,regime,chop_adx_lt18,1,0.00514864937340222,-16.61665191650391,0.0,16.61665191650391,0.0,0.16616651916503908,0.0,-16.61665191650391,0,1
f69b_337ca1bfd006,oos,regime,other_regime,1,0.00514864937340222,-24.495770072937013,0.0,24.495770072937013,0.0,0.24495770072937012,0.0,-24.495770072937013,0,1
f69b_337ca1bfd006,oos,regime,trend_adx_ge25,10,0.0514864937340222,248.20865106582642,334.85748510360725,86.64883403778076,3.8645353837952645,0.40187345123291013,70.0,24.82086510658264,0,10
f69b_337ca1bfd006,oos,regime,vol_expansion_hv5over20_ge1p25,4,0.02059459749360888,16.074994754791256,78.23635396957397,62.16135921478272,1.2586010820524083,0.6216135921478272,50.0,4.018748688697814,0,4
f69b_ff45a80228d3,validation,session,mid_35_300,8,0.02949573054421159,-72.27115190506083,101.85662786483663,174.12777976989747,0.5849533486238432,1.111452677536021,37.5,-9.033893988132604,8,0
f69b_ff45a80228d3,validation,session,open_0_30,11,0.04055662949829093,248.36085901260378,389.59076156616214,141.22990255355836,2.7585571789120107,0.5202138004302981,54.54545454545454,22.578259910236707,11,0
f69b_ff45a80228d3,validation,regime,trend_adx_ge25,17,0.06267842740644963,235.0256031227102,491.44738943099884,256.4217863082886,1.9165586376508028,1.1237039669036966,52.94117647058824,13.825035477806482,17,0
f69b_ff45a80228d3,validation,regime,vol_expansion_hv5over20_ge1p25,2,0.0073739326360528976,-58.93589601516724,0.0,58.93589601516724,0.0,0.5893589601516724,0.0,-29.46794800758362,2,0
f69b_ff45a80228d3,oos,session,mid_35_300,5,0.0257432468670111,214.35634927749635,225.95634927749634,11.6,19.478995627370374,0.11599999999999994,80.0,42.87126985549927,5,0
f69b_ff45a80228d3,oos,session,open_0_30,9,0.04633784436061998,-17.043026542663576,177.6981674194336,194.74119396209716,0.9124837113508676,1.2368098278045656,33.33333333333333,-1.8936696158515085,9,0
f69b_ff45a80228d3,oos,regime,other_regime,2,0.01029729874680444,8.9807430267334,55.717004013061526,46.736260986328126,1.19215792699721,0.4673626098632813,50.0,4.4903715133667,2,0
f69b_ff45a80228d3,oos,regime,trend_adx_ge25,10,0.0514864937340222,139.7465615272522,274.68198251724243,134.93542098999023,2.0356551341520537,0.575474769592285,50.0,13.97465615272522,10,0
f69b_ff45a80228d3,oos,regime,vol_expansion_hv5over20_ge1p25,2,0.01029729874680444,48.58601818084716,73.25553016662597,24.66951198577881,2.9694762591515977,0.24669511985778814,50.0,24.29300909042358,2,0
f69b_332961d4715c,validation,session,mid_35_300,19,0.07005236004250252,309.2441534423808,542.7714543533316,233.52730091095071,2.3242312664775016,0.9054323272705078,57.89473684210527,16.27600807591478,17,2
f69b_332961d4715c,validation,session,open_0_30,35,0.12904382113092572,248.01703637123111,827.0483937549591,579.0313573837279,1.428330924065773,2.1771932859420775,54.285714285714285,7.0862010391780315,29,6
f69b_332961d4715c,validation,regime,bb_squeeze_on,1,0.0036869663180264488,-77.34593811035157,0.0,77.34593811035157,0.0,0.7734593811035158,0.0,-77.34593811035157,1,0
f69b_332961d4715c,validation,regime,chop_adx_lt18,7,0.02580876422618514,-26.02705922126771,148.82673468589783,174.85379390716557,0.8511495882377812,1.5641176643371582,42.857142857142854,-3.7181513173239584,7,0
f69b_332961d4715c,validation,regime,other_regime,2,0.0073739326360528976,7.4786753654479945,36.63674669265747,29.158071327209473,1.256487312947517,0.2915807132720947,50.0,3.7393376827239972,2,0
f69b_332961d4715c,validation,regime,trend_adx_ge25,36,0.13273078744895214,554.8077494525888,975.5930141162862,420.7852646636973,2.318505651323142,1.2124047689437865,63.888888888888886,15.411326373683023,30,6
f69b_332961d4715c,validation,regime,vol_expansion_hv5over20_ge1p25,8,0.02949573054421159,98.34776232719426,208.76335261344911,110.41559028625487,1.8907053983248696,0.5341264400482177,37.5,12.293470290899283,6,2
f69b_332961d4715c,oos,session,mid_35_300,9,0.04633784436061998,-38.44965801239013,183.31832256317142,221.76798057556155,0.8266221394423103,1.423355224609375,33.33333333333333,-4.272184223598903,8,1
f69b_332961d4715c,oos,session,open_0_30,28,0.14416218245526216,316.17160491943355,667.8460281372071,351.6744232177735,1.8990463452715898,0.9481760215759277,60.71428571428571,11.291843032836912,24,4
f69b_332961d4715c,oos,regime,bb_squeeze_on,1,0.00514864937340222,-45.30598526000977,0.0,45.30598526000977,0.0,0.45305985260009773,0.0,-45.30598526000977,1,0
f69b_332961d4715c,oos,regime,chop_adx_lt18,4,0.02059459749360888,-80.3290738105774,21.97666997909546,102.30574378967285,0.2148136474553824,0.803290738105774,25.0,-20.08226845264435,4,0
f69b_332961d4715c,oos,regime,other_regime,2,0.01029729874680444,83.56783304214478,83.56783304214478,0.0,99.0,0.0,100.0,41.78391652107239,2,0
f69b_332961d4715c,oos,regime,trend_adx_ge25,22,0.11327028621484884,176.88965196609496,543.6059906959534,366.7163387298585,1.482360978457523,1.2277425479888917,54.54545454545454,8.040438725731589,19,3
f69b_332961d4715c,oos,regime,vol_expansion_hv5over20_ge1p25,8,0.04118919498721776,142.8995209693909,202.0138569831848,59.114336013793945,3.417341217129567,0.34444824028015136,62.5,17.86244012117386,6,2
f69b_dabdfcdc8555,validation,session,mid_35_300,23,0.08480022531460832,378.1569787025461,561.8038671302807,183.64688842773438,3.0591526594329,0.7973950901031495,65.21739130434783,16.44160776967592,0,23
f69b_dabdfcdc8555,validation,session,open_0_30,59,0.21753101276356046,72.0824046897888,926.6305034446716,854.5480987548829,1.0843514891611323,2.1998353271484374,44.06779661016949,1.2217356727082849,0,59
f69b_dabdfcdc8555,validation,regime,bb_squeeze_on,3,0.011060898954079346,0.7942780494689945,41.92271375656128,41.12843570709229,1.0193121385682078,0.25991576385498044,33.33333333333333,0.26475934982299815,0,3
f69b_dabdfcdc8555,validation,regime,chop_adx_lt18,7,0.02580876422618514,54.02888839721782,129.8446773338328,75.815788936615,1.7126337291350764,0.5529241189956665,42.857142857142854,7.718412628173974,0,7
f69b_dabdfcdc8555,validation,regime,other_regime,5,0.018434831590132244,160.95356979370118,221.0617462158203,60.10817642211914,3.6777317059725676,0.6010817642211914,80.0,32.19071395874023,0,5
f69b_dabdfcdc8555,validation,regime,trend_adx_ge25,54,0.19909618117342823,216.92754482269288,938.8506194114684,721.9230745887756,1.3004856784031453,2.1249660528182983,50.0,4.017176755975794,0,54
f69b_dabdfcdc8555,validation,regime,vol_expansion_hv5over20_ge1p25,13,0.04793056213434383,17.53510232925415,156.75461385726928,139.21951152801512,1.1259529080140867,0.8439766265869142,46.15384615384615,1.3488540253272423,0,13
f69b_dabdfcdc8555,oos,session,mid_35_300,12,0.06178379248082664,340.52800121307376,458.2095220565796,117.68152084350587,3.8936403844228993,0.6821643791198732,75.0,28.377333434422813,0,12
f69b_dabdfcdc8555,oos,session,open_0_30,24,0.12356758496165328,7.941307497024553,354.80694022178653,346.86563272476195,1.022894477710699,1.971753544807434,41.66666666666667,0.33088781237602305,0,24
f69b_dabdfcdc8555,oos,regime,bb_squeeze_on,2,0.01029729874680444,23.813494205474857,36.022862148284915,12.209367942810058,2.9504280907103237,0.12209367942810057,50.0,11.906747102737429,0,2
f69b_dabdfcdc8555,oos,regime,chop_adx_lt18,7,0.03604054561381554,-26.239980268478405,87.15363965034484,113.39361991882325,0.7685938566273552,0.6699541583061219,42.857142857142854,-3.7485686097826294,0,7
f69b_dabdfcdc8555,oos,regime,other_regime,1,0.00514864937340222,-20.56721935272217,0.0,20.56721935272217,0.0,0.2056721935272217,0.0,-20.56721935272217,0,1
f69b_dabdfcdc8555,oos,regime,trend_adx_ge25,22,0.11327028621484884,360.08248195648196,635.063435649872,274.9809536933899,2.309481537248512,0.7287083358764649,59.09090909090909,16.367385543476452,0,22
f69b_dabdfcdc8555,oos,regime,vol_expansion_hv5over20_ge1p25,4,0.02059459749360888,11.380532169342043,54.776524829864506,43.39599266052247,1.2622484582475046,0.43395992660522464,50.0,2.845133042335511,0,4
f69b_0f107df13216,validation,session,late_305_390,3,0.011060898954079346,86.3999168395996,124.35304336547851,37.95312652587891,3.2764901010378296,0.37953126525878916,66.66666666666666,28.799972279866534,1,2
f69b_0f107df13216,validation,session,mid_35_300,53,0.19540921485540177,19.61882516860952,1220.6809767723082,1201.0621516036988,1.0163345628220934,2.8095501695633027,47.16981132075472,0.37016651261527395,19,34
f69b_0f107df13216,validation,session,open_0_30,12,0.044243595816317385,424.9768044471741,509.5393771171571,84.56257266998291,6.025589820992139,0.641774808883667,75.0,35.41473370393118,6,6
f69b_0f107df13216,validation,regime,trend_adx_ge25,68,0.25071370962579853,530.9955464553834,1854.573397254944,1323.5778507995606,1.4011819524893183,2.3850452880859385,52.94117647058824,7.808758036108579,26,42
f69b_0f107df13216,oos,session,late_305_390,2,0.01029729874680444,-67.37346237182356,6.920000000002619,74.29346237182618,0.09314413111303378,0.7429346237182618,50.0,-33.68673118591178,0,2
f69b_0f107df13216,oos,session,mid_35_300,36,0.18535137744247993,130.62165716171225,941.7225513267514,811.1008941650392,1.1610424277687135,3.736989623260488,50.0,3.6283793656031182,14,22
f69b_0f107df13216,oos,session,open_0_30,12,0.06178379248082664,375.5637436866761,466.11872377395633,90.55498008728027,5.147356040768754,0.6623047485351563,66.66666666666666,31.296978640556343,2,10
f69b_0f107df13216,oos,regime,trend_adx_ge25,50,0.257432468670111,438.8119384765647,1414.7612751007105,975.9493366241456,1.4496257356907847,3.5629288063048956,54.0,8.776238769531295,16,34
f69b_27ff20806a22,validation,session,late_305_390,1,0.0036869663180264488,-5.7,0.0,5.7,0.0,0.056999999999999995,0.0,-5.7,0,1
f69b_27ff20806a22,validation,session,mid_35_300,34,0.12535685481289927,279.42132909774614,814.8563410758945,535.4350119781484,1.5218585315619024,1.648087669372559,58.82352941176471,8.218274385227827,24,10
f69b_27ff20806a22,validation,regime,trend_adx_ge25,35,0.12904382113092572,273.7213290977461,814.8563410758945,541.1350119781483,1.505828163099525,1.648087669372559,57.14285714285714,7.820609402792745,24,11
f69b_27ff20806a22,oos,session,mid_35_300,24,0.12356758496165328,198.7833524322494,474.48804023742775,275.7046878051784,1.721000988466021,1.131814765930176,58.333333333333336,8.282639684677058,17,7
f69b_27ff20806a22,oos,regime,trend_adx_ge25,24,0.12356758496165328,198.7833524322494,474.48804023742775,275.7046878051784,1.721000988466021,1.131814765930176,58.333333333333336,8.282639684677058,17,7
